Leg1,Leg2,Leg3,Leg4,Type,Latest,Change,Open,High,Low,Previous,Volume,Time
CLK6,CLM6,,,SP,2.25,0.06,1.71,4.4,1.69,2.19,13732,2026-04-21
CLK6,CLM6,CLN6,,BF,-0.89,0.4,-1.46,-0.4,-1.83,-1.29,186,2026-04-21
CLK6,CLN6,,,SP,6.22,0.55,6.26,6.55,6.07,5.67,11,2026-04-21
CLK6,CLQ6,,,SP,9.59,0.91,9.59,9.59,9.59,8.68,1,2026-04-21
CLM6,CLN6,,,SA,90.67,2.84,0,90.67,90.67,87.83,N/A,2026-04-22
CLM6,CLN6,,,SP,4.77,0.19,4.56,5.64,4.49,4.58,14478,"08:27 CT"
CLM6,CLN6,CLQ6,,BF,0.81,0.18,0.67,0.94,0.54,0.63,1424,"08:27 CT"
CLM6,CLN6,CLQ6,CLU6,SA,86.82,2.24,0,86.82,86.82,84.58,N/A,2026-04-22
CLM6,CLN6,QAM6,QAN6,XS,-8.38,-0.35,0,-8.38,-8.38,-8.03,N/A,2026-04-21
CLM6,CLQ6,,,SP,8.73,0.2,8.34,10.32,8.32,8.53,3596,"08:27 CT"
CLM6,CLU6,,,SP,11.78,0.33,11.21,13.68,11.13,11.45,3875,"08:26 CT"
CLM6,CLU6,CLZ6,,BF,6.33,-0.07,6.47,6.92,6.33,6.4,14,"08:12 CT"
CLM6,CLV6,,,SP,13.9,0.2,13.51,16.23,13.51,13.7,149,"08:14 CT"
CLM6,CLX6,,,SP,15.47,0.21,15.92,15.99,15.18,15.26,13,"08:21 CT"
CLM6,CLZ6,,,SP,17.05,0.55,16.15,19.33,16.01,16.5,3134,"08:27 CT"
CLM6,CLZ6,CLM7,,BF,12.49,1.82,0,12.49,12.49,10.67,N/A,2026-04-22
CLM6,CLF7,,,SP,19.99,2.45,19.99,19.99,19.99,17.54,1,"19:17 CT"
CLM6,CLG7,,,SP,18.6,0.2,18.6,18.6,18.6,18.4,1,"07:21 CT"
CLM6,CLH7,,,SP,19.42,2.74,15.47,19.88,15.47,16.68,6,2026-04-22
CLM6,CLJ7,,,SP,19.67,2.49,0,19.67,19.67,17.18,3,2026-04-22
CLM6,CLK7,,,SP,20.12,2.54,0,20.12,20.12,17.58,N/A,2026-04-21
CLM6,CLM7,,,SP,21.24,0.73,20.32,23.82,20.18,20.51,223,"08:26 CT"
CLM6,CLN7,,,SP,23.22,2.33,23.22,23.22,23.22,20.89,10,"19:15 CT"
CLM6,CLQ7,,,SP,21.25,2.68,0,21.25,21.25,18.57,N/A,2026-04-21
CLM6,CLU7,,,SP,21.56,2.72,0,21.56,21.56,18.84,N/A,2026-04-21
CLM6,CLV7,,,SP,21.83,2.75,0,21.83,21.83,19.08,N/A,2026-04-21
CLM6,CLX7,,,SP,22.08,2.79,0,22.08,22.08,19.29,N/A,2026-04-21
CLM6,CLZ7,,,SP,23.04,0.71,22.14,25.84,21.92,22.33,167,"08:26 CT"
CLM6,CLF8,,,SP,22.62,2.84,0,22.62,22.62,19.78,N/A,2026-04-21
CLM6,CLG8,,,SP,22.91,2.88,0,22.91,22.91,20.03,N/A,2026-04-21
CLM6,CLH8,,,SP,23.17,2.9,0,23.17,23.17,20.27,N/A,2026-04-21
CLM6,CLJ8,,,SP,23.39,2.92,0,23.39,23.39,20.47,N/A,2026-04-21
CLM6,CLK8,,,SP,23.56,2.95,0,23.56,23.56,20.61,N/A,2026-04-21
CLM6,CLM8,,,SP,23.42,-0.29,25.43,27.27,23.42,23.71,24,"07:45 CT"
CLM6,CLN8,,,SP,23.9,2.99,0,23.9,23.9,20.91,N/A,2026-04-22
CLM6,CLQ8,,,SP,24.11,3,0,24.11,24.11,21.11,N/A,2026-04-22
CLM6,CLU8,,,SP,24.32,3.01,0,24.32,24.32,21.31,N/A,2026-04-22
CLM6,CLV8,,,SP,24.51,3.03,0,24.51,24.51,21.48,N/A,2026-04-22
CLM6,CLX8,,,SP,24.66,3.06,0,24.66,24.66,21.6,N/A,2026-04-22
CLM6,CLZ8,,,SP,24.15,2.4,23.15,24.81,23.15,21.75,24,2026-04-22
CLM6,CLF9,,,SP,25.01,3.06,0,25.01,25.01,21.95,N/A,2026-04-22
CLM6,CLG9,,,SP,25.22,3.08,0,25.22,25.22,22.14,N/A,2026-04-22
CLM6,CLH9,,,SP,25.41,3.09,0,25.41,25.41,22.32,N/A,2026-04-22
CLM6,CLJ9,,,SP,25.58,3.1,0,25.58,25.58,22.48,N/A,2026-04-22
CLM6,CLK9,,,SP,25.72,3.11,0,25.72,25.72,22.61,N/A,2026-04-22
CLM6,CLM9,,,SP,25.89,3.12,0,25.89,25.89,22.77,N/A,2026-04-22
CLM6,CLN9,,,SP,26.1,3.13,0,26.1,26.1,22.97,N/A,2026-04-22
CLM6,CLQ9,,,SP,26.28,3.14,0,26.28,26.28,23.14,N/A,2026-04-22
CLM6,CLU9,,,SP,26.46,3.14,0,26.46,26.46,23.32,N/A,2026-04-22
CLM6,CLV9,,,SP,26.64,3.15,0,26.64,26.64,23.49,N/A,2026-04-22
CLM6,CLX9,,,SP,26.82,3.16,0,26.82,26.82,23.66,N/A,2026-04-22
CLM6,CLZ9,,,SP,26.95,3.17,0,26.95,26.95,23.78,N/A,2026-04-22
CLM6,CLM0,,,SP,28.04,3.19,0,28.04,28.04,24.85,N/A,2026-04-22
CLM6,CLZ0,,,SP,29.07,3.23,0,29.07,29.07,25.84,N/A,2026-04-22
CLM6,CLM1,,,SP,30.13,3.25,0,30.13,30.13,26.88,N/A,2026-04-22
CLM6,CLZ1,,,SP,31.16,3.29,0,31.16,31.16,27.87,N/A,2026-04-22
CLM6,CLM2,,,SP,32.2,3.29,0,32.2,32.2,28.91,N/A,2026-04-22
CLM6,CLZ2,,,SP,33.17,3.29,0,33.17,33.17,29.88,N/A,2026-04-22
CLM6,CLM3,,,SP,34.14,3.29,0,34.14,34.14,30.85,N/A,2026-04-22
CLM6,CLZ3,,,SP,35.14,3.29,0,35.14,35.14,31.85,N/A,2026-04-22
CLM6,CLM4,,,SP,36.11,3.29,0,36.11,36.11,32.82,N/A,2026-04-22
CLM6,CLZ4,,,SP,37.04,3.29,0,37.04,37.04,33.75,N/A,2026-04-22
CLM6,CLM5,,,SP,38.01,3.29,0,38.01,38.01,34.72,N/A,2026-04-22
CLM6,CLZ5,,,SP,38.94,3.29,0,38.94,38.94,35.65,N/A,2026-04-22
CLM6,CYM6,,,AE,0.0025,0.0025,-0.0025,0.0025,-0.0025,0,3174,"08:26 CT"
CLM6,IH1M6,,,BC,96.66,3.76,0,96.66,96.66,92.9,N/A,2026-04-22
CLM6,IWUM6,,,BC,95.56,3.49,0,95.56,95.56,92.07,N/A,2026-04-22
CLM6,QAM6,,,IS,-8.77,0.18,-8.89,-8.62,-9.16,-8.95,7751,"08:27 CT"
CLM6,QAM6,CLN6,QAN6,IP,-0.57,0.58,-1.12,-0.56,-1.26,-1.15,1197,"08:26 CT"
CLM6,QAM6,CLQ6,QAQ6,IP,-1.03,0.52,-1.54,-0.99,-1.65,-1.55,89,"08:14 CT"
CLM6,QAM6,CLU6,QAU6,IP,-1.12,0.53,-1.76,-1.12,-1.82,-1.65,98,"08:21 CT"
CLM6,QAM6,CLV6,QAV6,IP,-1.7,0.28,0,-1.7,-1.7,-1.98,N/A,2026-04-22
CLM6,QAM6,CLX6,QAX6,IP,-1.89,0.2,0,-1.89,-1.89,-2.09,N/A,2026-04-22
CLM6,QAM6,CLZ6,QAZ6,IP,-1.88,0.24,-2.05,-1.85,-2.39,-2.12,32,"08:18 CT"
CLM6,QAM6,CLF7,QAF7,IP,-2.39,0.08,0,-2.39,-2.39,-2.47,N/A,2026-04-22
CLM6,QAM6,CLG7,QAG7,IP,-2.67,0.03,0,-2.67,-2.67,-2.7,N/A,2026-04-22
CLM6,QAM6,CLH7,QAH7,IP,-2.92,-0.01,0,-2.92,-2.92,-2.91,N/A,2026-04-22
CLM6,QAM6,CLJ7,QAJ7,IP,-3.18,-0.06,0,-3.18,-3.18,-3.12,N/A,2026-04-22
CLM6,QAM6,CLK7,QAK7,IP,-3.41,-0.1,0,-3.41,-3.41,-3.31,N/A,2026-04-22
CLM6,QAM6,CLM7,QAM7,IP,-3.56,-0.09,0,-3.56,-3.56,-3.47,N/A,2026-04-22
CLM6,QAM6,CLN7,QAN7,IP,-3.67,-0.1,0,-3.67,-3.67,-3.57,N/A,2026-04-22
CLM6,QAN6,,,IS,-3.45,-0.23,-3.15,-2.22,-3.71,-3.22,2027,"08:26 CT"
CLM6,QAQ6,,,IS,0.66,0.45,0.67,1.13,0.65,0.21,33,2026-04-22
CLM6,QAZ6,,,IS,9.67,1.94,0,9.67,9.67,7.73,N/A,2026-04-22
CLN6,CLQ6,,,SA,86.41,2.1,0,86.41,86.41,84.31,N/A,2026-04-22
CLN6,CLQ6,,,SP,3.96,0.0099999999999998,3.87,4.73,3.83,3.95,10499,"08:27 CT"
CLN6,CLQ6,CLU6,,BF,0.94,-0.09,1.04,1.37,0.91,1.03,904,"08:26 CT"
CLN6,CLQ6,CLU6,,SA,83.9,1.02,83.9,84.77,83.9,82.88,1,2026-04-22
CLN6,CLQ6,CLU6,CLV6,SA,83.4,1.74,0,83.4,83.4,81.66,N/A,2026-04-22
CLN6,CLQ6,QAN6,QAQ6,XS,-7.6,-0.56,0,-7.6,-7.6,-7.04,N/A,2026-04-22
CLN6,CLU6,,,SP,7,0.13,6.68,8.07,6.63,6.87,3988,"08:26 CT"
CLN6,CLV6,,,SP,9.34,0.22,8.78,10.6,8.78,9.12,1063,"08:25 CT"
CLN6,CLV6,CLF7,,BF,5.28,0.86,0,5.28,5.28,4.42,N/A,2026-04-22
CLN6,CLX6,,,SP,10.84,0.16,10.33,12.32,10.3,10.68,729,"08:23 CT"
CLN6,CLZ6,,,SP,12.29,0.37,11.61,13.67,11.61,11.92,778,"08:25 CT"
CLN6,CLF7,,,SP,13.19,1.61,11.55,13.19,11.42,11.58,34,2026-04-22
CLN6,CLG7,,,SP,13.82,1.45,0,13.82,13.82,12.37,N/A,2026-04-22
CLN6,CLH7,,,SP,13.86,0.86,12.97,14.53,12.97,13,6,2026-04-22
CLN6,CLJ7,,,SP,15.09,1.59,0,15.09,15.09,13.5,N/A,2026-04-22
CLN6,CLK7,,,SP,15.54,1.64,0,15.54,15.54,13.9,N/A,2026-04-22
CLN6,CLM7,,,SP,16.13,0.2,15.71,18.16,15.6,15.93,44,"08:21 CT"
CLN6,CLN7,,,SP,16.31,1.74,0,16.31,16.31,14.57,N/A,2026-04-22
CLN6,CLQ7,,,SP,16.67,1.78,0,16.67,16.67,14.89,N/A,2026-04-22
CLN6,CLU7,,,SP,16.98,1.82,0,16.98,16.98,15.16,N/A,2026-04-22
CLN6,CLV7,,,SP,17.25,1.85,0,17.25,17.25,15.4,N/A,2026-04-22
CLN6,CLX7,,,SP,17.5,1.89,0,17.5,17.5,15.61,N/A,2026-04-22
CLN6,CLZ7,,,SP,18.23,0.48,17.53,20.25,17.39,17.75,59,"08:26 CT"
CLN6,CLF8,,,SP,18.04,1.94,0,18.04,18.04,16.1,N/A,2026-04-22
CLN6,CLG8,,,SP,18.33,1.98,0,18.33,18.33,16.35,N/A,2026-04-22
CLN6,CLH8,,,SP,18.59,2,0,18.59,18.59,16.59,N/A,2026-04-22
CLN6,CLJ8,,,SP,18.81,2.02,0,18.81,18.81,16.79,N/A,2026-04-22
CLN6,CLK8,,,SP,18.98,2.05,0,18.98,18.98,16.93,N/A,2026-04-22
CLN6,CLM8,,,SP,18.7,1.64,16.45,19.62,16.45,17.06,29,2026-04-22
CLN6,CLN8,,,SP,19.32,2.09,0,19.32,19.32,17.23,N/A,2026-04-22
CLN6,CLQ8,,,SP,19.53,2.1,0,19.53,19.53,17.43,N/A,2026-04-22
CLN6,CLU8,,,SP,19.74,2.11,0,19.74,19.74,17.63,N/A,2026-04-22
CLN6,CLV8,,,SP,19.93,2.13,0,19.93,19.93,17.8,N/A,2026-04-22
CLN6,CLX8,,,SP,20.08,2.16,0,20.08,20.08,17.92,N/A,2026-04-22
CLN6,CLZ8,,,SP,20.5,0.27,20.81,20.88,19.7,20.23,49,"07:57 CT"
CLN6,CLF9,,,SP,20.43,2.16,0,20.43,20.43,18.27,N/A,2026-04-22
CLN6,CLG9,,,SP,20.64,2.18,0,20.64,20.64,18.46,N/A,2026-04-22
CLN6,CLH9,,,SP,20.83,2.19,0,20.83,20.83,18.64,N/A,2026-04-22
CLN6,CLJ9,,,SP,21,2.2,0,21,21,18.8,N/A,2026-04-22
CLN6,CLK9,,,SP,21.14,2.21,0,21.14,21.14,18.93,N/A,2026-04-22
CLN6,CLM9,,,SP,21.31,2.22,0,21.31,21.31,19.09,N/A,2026-04-22
CLN6,CLN9,,,SP,21.52,2.23,0,21.52,21.52,19.29,N/A,2026-04-22
CLN6,CLQ9,,,SP,21.7,2.24,0,21.7,21.7,19.46,N/A,2026-04-22
CLN6,CLU9,,,SP,21.88,2.24,0,21.88,21.88,19.64,N/A,2026-04-22
CLN6,CLV9,,,SP,22.06,2.25,0,22.06,22.06,19.81,N/A,2026-04-22
CLN6,CLX9,,,SP,22.24,2.26,0,22.24,22.24,19.98,N/A,2026-04-22
CLN6,CYN6,,,AE,-0.0025,-0.0025,-0.0025,0.0025,-0.0025,0,31,"07:04 CT"
CLN6,IH1N6,,,BC,90.83,2.61,0,90.83,90.83,88.22,N/A,2026-04-22
CLN6,IWUN6,,,BC,89.93,2.51,0,89.93,89.93,87.42,N/A,2026-04-22
CLN6,QAN6,,,IS,-8.21,-0.41,-7.8,-7.7,-8.38,-7.8,1627,"08:27 CT"
CLN6,QAN6,CLQ6,QAQ6,IP,-0.39,0.01,-0.41,-0.27,-0.47,-0.4,1307,"08:26 CT"
CLN6,QAN6,CLU6,QAU6,IP,-0.55,-0.05,-0.53,-0.4,-0.67,-0.5,155,"08:21 CT"
CLN6,QAN6,CLV6,QAV6,IP,-0.68,-0.13,-0.64,-0.57,-0.8,-0.55,27,"08:14 CT"
CLN6,QAN6,CLX6,QAX6,IP,-0.74,-0.21,0,-0.74,-0.74,-0.53,N/A,2026-04-22
CLN6,QAN6,CLZ6,QAZ6,IP,-1.18,-0.21,-1.15,-1.05,-1.32,-0.97,15,"08:14 CT"
CLN6,QAN6,CLF7,QAF7,IP,-1.24,-0.33,0,-1.24,-1.24,-0.91,N/A,2026-04-22
CLN6,QAN6,CLG7,QAG7,IP,-1.52,-0.38,0,-1.52,-1.52,-1.14,N/A,2026-04-22
CLN6,QAN6,CLH7,QAH7,IP,-1.77,-0.42,0,-1.77,-1.77,-1.35,N/A,2026-04-22
CLN6,QAN6,CLJ7,QAJ7,IP,-2.03,-0.47,0,-2.03,-2.03,-1.56,N/A,2026-04-22
CLN6,QAN6,CLK7,QAK7,IP,-2.26,-0.51,0,-2.26,-2.26,-1.75,N/A,2026-04-22
CLN6,QAN6,CLM7,QAM7,IP,-2.41,-0.5,0,-2.41,-2.41,-1.91,N/A,2026-04-22
CLN6,QAN6,CLN7,QAN7,IP,-2.52,-0.51,0,-2.52,-2.52,-2.01,N/A,2026-04-22
CLN6,QAN6,CLQ7,QAQ7,IP,-2.56,-0.53,0,-2.56,-2.56,-2.03,N/A,2026-04-22
CLN6,QAQ6,,,IS,-3.86,-0.41,-3.35,-2.82,-4.01,-3.45,522,"08:26 CT"
CLN6,QAU6,,,IS,-0.43,0.42,0,-0.43,-0.43,-0.85,N/A,2026-04-22
CLQ6,CLU6,,,SA,82.97,1.64,0,82.97,82.97,81.33,N/A,2026-04-22
CLQ6,CLU6,,,SP,3.03,0.11,2.82,3.38,2.79,2.92,12137,"08:26 CT"
CLQ6,CLU6,CLV6,,BF,0.69,0.02,0.67,0.84,0.65,0.67,645,"08:26 CT"
CLQ6,CLU6,CLV6,CLX6,SA,80.73,1.43,0,80.73,80.73,79.3,N/A,2026-04-22
CLQ6,CLU6,QAQ6,QAU6,XS,-7.35,-0.53,0,-7.35,-7.35,-6.82,N/A,2026-04-22
CLQ6,CLV6,,,SP,5.35,0.18,4.99,5.89,4.94,5.17,1844,"08:27 CT"
CLQ6,CLX6,,,SP,6.85,0.12,6.49,7.61,6.49,6.73,717,"08:21 CT"
CLQ6,CLX6,CLG7,,BF,3.59,0.42,0,3.59,3.59,3.17,N/A,2026-04-22
CLQ6,CLZ6,,,SP,8.31,0.34,7.75,9,7.67,7.97,1794,"08:25 CT"
CLQ6,CLF7,,,SP,9.23,0.22,8.82,9.91,8.79,9.01,90,"08:14 CT"
CLQ6,CLG7,,,SP,9.73,-0.14,11.03,11.04,9.73,9.87,17,"07:13 CT"
CLQ6,CLH7,,,SP,10.58,0.94,0,10.58,10.58,9.64,N/A,2026-04-22
CLQ6,CLJ7,,,SP,11.14,1,0,11.14,11.14,10.14,N/A,2026-04-22
CLQ6,CLK7,,,SP,11.59,1.05,0,11.59,11.59,10.54,N/A,2026-04-22
CLQ6,CLM7,,,SP,11.71,-0.27,12.78,12.78,11.71,11.98,8,"07:06 CT"
CLQ6,CLN7,,,SP,12.36,1.15,0,12.36,12.36,11.21,N/A,2026-04-22
CLQ6,CLQ7,,,SP,12.72,1.19,0,12.72,12.72,11.53,N/A,2026-04-22
CLQ6,CLU7,,,SP,13.03,1.23,0,13.03,13.03,11.8,N/A,2026-04-22
CLQ6,CLV7,,,SP,13.3,1.26,0,13.3,13.3,12.04,N/A,2026-04-22
CLQ6,CLX7,,,SP,13.55,1.3,0,13.55,13.55,12.25,N/A,2026-04-22
CLQ6,CLZ7,,,SP,13.36,-0.44,15.13,15.44,13.36,13.8,32,"07:17 CT"
CLQ6,CLF8,,,SP,14.09,1.35,0,14.09,14.09,12.74,N/A,2026-04-22
CLQ6,CLG8,,,SP,14.38,1.39,0,14.38,14.38,12.99,N/A,2026-04-22
CLQ6,CLH8,,,SP,14.64,1.41,0,14.64,14.64,13.23,N/A,2026-04-22
CLQ6,CLJ8,,,SP,14.86,1.43,0,14.86,14.86,13.43,N/A,2026-04-22
CLQ6,CLK8,,,SP,15.03,1.46,0,15.03,15.03,13.57,N/A,2026-04-22
CLQ6,CLM8,,,SP,16.17,0.99,15.52,17.11,15.52,15.18,115,"04:00 CT"
CLQ6,CLN8,,,SP,15.37,1.5,0,15.37,15.37,13.87,N/A,2026-04-22
CLQ6,CLQ8,,,SP,15.58,1.51,0,15.58,15.58,14.07,N/A,2026-04-22
CLQ6,CLU8,,,SP,15.79,1.52,0,15.79,15.79,14.27,N/A,2026-04-22
CLQ6,CLV8,,,SP,15.98,1.54,0,15.98,15.98,14.44,N/A,2026-04-22
CLQ6,CLX8,,,SP,16.13,1.57,0,16.13,16.13,14.56,N/A,2026-04-22
CLQ6,CLZ8,,,SP,16.28,1.57,0,16.28,16.28,14.71,N/A,2026-04-22
CLQ6,CLF9,,,SP,16.48,1.57,0,16.48,16.48,14.91,N/A,2026-04-22
CLQ6,CLG9,,,SP,16.69,1.59,0,16.69,16.69,15.1,N/A,2026-04-22
CLQ6,CLH9,,,SP,16.88,1.6,0,16.88,16.88,15.28,N/A,2026-04-22
CLQ6,CLJ9,,,SP,17.05,1.61,0,17.05,17.05,15.44,N/A,2026-04-22
CLQ6,CLK9,,,SP,17.19,1.62,0,17.19,17.19,15.57,N/A,2026-04-22
CLQ6,CLM9,,,SP,17.36,1.63,0,17.36,17.36,15.73,N/A,2026-04-22
CLQ6,CLN9,,,SP,17.57,1.64,0,17.57,17.57,15.93,N/A,2026-04-22
CLQ6,CLQ9,,,SP,17.75,1.65,0,17.75,17.75,16.1,N/A,2026-04-22
CLQ6,CLU9,,,SP,17.93,1.65,0,17.93,17.93,16.28,N/A,2026-04-22
CLQ6,CLV9,,,SP,18.11,1.66,0,18.11,18.11,16.45,N/A,2026-04-22
CLQ6,CLX9,,,SP,18.29,1.67,0,18.29,18.29,16.62,N/A,2026-04-22
CLQ6,CYQ6,,,AE,0.0025,0.0025,-0.0025,0.0025,-0.0025,0,5,"07:56 CT"
CLQ6,IH1Q6,,,BC,86.62,1.94,0,86.62,86.62,84.68,N/A,2026-04-22
CLQ6,IWUQ6,,,BC,85.97,1.93,0,85.97,85.97,84.04,N/A,2026-04-22
CLQ6,QAQ6,,,IS,-7.82,-0.42,-7.37,-7.31,-7.97,-7.4,1081,"08:26 CT"
CLQ6,QAQ6,CLU6,QAU6,IP,-0.17,-0.07,-0.15,-0.12,-0.21,-0.1,2786,"08:26 CT"
CLQ6,QAQ6,CLV6,QAV6,IP,-0.33,-0.18,-0.22,-0.22,-0.39,-0.15,100,"08:21 CT"
CLQ6,QAQ6,CLX6,QAX6,IP,-0.54,-0.2,-0.46,-0.44,-0.64,-0.34,65,"08:25 CT"
CLQ6,QAQ6,CLZ6,QAZ6,IP,-0.84,-0.27,-0.71,-0.71,-0.86,-0.57,9,"08:23 CT"
CLQ6,QAQ6,CLF7,QAF7,IP,-0.84,-0.35,0,-0.84,-0.84,-0.49,N/A,2026-04-22
CLQ6,QAQ6,CLG7,QAG7,IP,-1.12,-0.4,0,-1.12,-1.12,-0.72,N/A,2026-04-22
CLQ6,QAQ6,CLH7,QAH7,IP,-1.37,-0.44,0,-1.37,-1.37,-0.93,N/A,2026-04-22
CLQ6,QAQ6,CLJ7,QAJ7,IP,-1.63,-0.49,0,-1.63,-1.63,-1.14,N/A,2026-04-22
CLQ6,QAQ6,CLK7,QAK7,IP,-1.86,-0.53,0,-1.86,-1.86,-1.33,N/A,2026-04-22
CLQ6,QAQ6,CLM7,QAM7,IP,-2.01,-0.52,0,-2.01,-2.01,-1.49,N/A,2026-04-22
CLQ6,QAQ6,CLN7,QAN7,IP,-2.12,-0.53,0,-2.12,-2.12,-1.59,N/A,2026-04-22
CLQ6,QAQ6,CLQ7,QAQ7,IP,-2.16,-0.55,0,-2.16,-2.16,-1.61,N/A,2026-04-22
CLQ6,QAQ6,CLU7,QAU7,IP,-2.18,-0.54,0,-2.18,-2.18,-1.64,N/A,2026-04-22
CLQ6,QAU6,,,IS,-4.57,-0.19,-4.57,-4.57,-4.57,-4.38,1,"06:24 CT"
CLQ6,QAV6,,,IS,-2.08,0.11,0,-2.08,-2.08,-2.19,N/A,2026-04-22
CLU6,CLV6,,,SP,2.34,0.09,2.17,2.53,2.15,2.25,3258,"08:25 CT"
CLU6,CLV6,CLX6,,BF,0.67,-0.02,0.64,0.78,0.64,0.69,269,"08:23 CT"
CLU6,CLV6,CLX6,CLZ6,SA,78.73,1.24,0,78.73,78.73,77.49,N/A,2026-04-22
CLU6,CLX6,,,SP,4,0.19,3.7,4.27,3.7,3.81,1110,"08:26 CT"
CLU6,CLZ6,,,SP,5.3,0.25,4.9,5.65,4.87,5.05,5697,"08:27 CT"
CLU6,CLZ6,CLH7,,BF,2.39,-0.05,2.64,2.72,2.39,2.44,28,"07:17 CT"
CLU6,CLF7,,,SP,6.28,0.19,5.94,6.76,5.94,6.09,161,"08:14 CT"
CLU6,CLG7,,,SP,7.15,0.2,6.86,7.58,6.83,6.95,66,"08:14 CT"
CLU6,CLH7,,,SP,7.92,0.26,7.65,8.54,7.48,7.66,107,"08:17 CT"
CLU6,CLJ7,,,SP,8.22,0.68,0,8.22,8.22,7.54,N/A,2026-04-22
CLU6,CLK7,,,SP,8.67,0.73,0,8.67,8.67,7.94,N/A,2026-04-22
CLU6,CLM7,,,SP,8.72,0.45,8.18,9.06,8.18,8.27,2,2026-04-22
CLU6,CLN7,,,SP,9.44,0.83,0,9.44,9.44,8.61,N/A,2026-04-22
CLU6,CLQ7,,,SP,9.8,0.87,0,9.8,9.8,8.93,N/A,2026-04-22
CLU6,CLU7,,,SP,10.3,1.1,10.3,10.3,10.11,9.2,1,2026-04-22
CLU6,CLV7,,,SP,10.38,0.94,0,10.38,10.38,9.44,N/A,2026-04-22
CLU6,CLX7,,,SP,10.63,0.98,0,10.63,10.63,9.65,N/A,2026-04-22
CLU6,CLZ7,,,SP,11.42,0.54,12.06,12.06,11.42,10.88,2,"04:18 CT"
CLU6,CLF8,,,SP,11.17,1.03,0,11.17,11.17,10.14,N/A,2026-04-22
CLU6,CLG8,,,SP,11.46,1.07,0,11.46,11.46,10.39,N/A,2026-04-22
CLU6,CLH8,,,SP,11.72,1.09,0,11.72,11.72,10.63,N/A,2026-04-22
CLU6,CLJ8,,,SP,11.94,1.11,0,11.94,11.94,10.83,N/A,2026-04-22
CLU6,CLK8,,,SP,12.11,1.14,0,12.11,12.11,10.97,N/A,2026-04-22
CLU6,CLM8,,,SP,12.26,1.16,0,12.26,12.26,11.1,N/A,2026-04-22
CLU6,CLN8,,,SP,12.45,1.18,0,12.45,12.45,11.27,N/A,2026-04-22
CLU6,CLQ8,,,SP,12.66,1.19,0,12.66,12.66,11.47,N/A,2026-04-22
CLU6,CLU8,,,SP,12.87,1.2,0,12.87,12.87,11.67,N/A,2026-04-22
CLU6,CLV8,,,SP,13.06,1.22,0,13.06,13.06,11.84,N/A,2026-04-22
CLU6,CLX8,,,SP,13.21,1.25,0,13.21,13.21,11.96,N/A,2026-04-22
CLU6,CLZ8,,,SP,13.36,1.25,0,13.36,13.36,12.11,N/A,2026-04-22
CLU6,CLF9,,,SP,13.56,1.25,0,13.56,13.56,12.31,N/A,2026-04-22
CLU6,CLG9,,,SP,13.77,1.27,0,13.77,13.77,12.5,N/A,2026-04-22
CLU6,CLH9,,,SP,13.96,1.28,0,13.96,13.96,12.68,N/A,2026-04-22
CLU6,CLJ9,,,SP,14.13,1.29,0,14.13,14.13,12.84,N/A,2026-04-22
CLU6,CLK9,,,SP,14.27,1.3,0,14.27,14.27,12.97,N/A,2026-04-22
CLU6,CLM9,,,SP,14.44,1.31,0,14.44,14.44,13.13,N/A,2026-04-22
CLU6,CLN9,,,SP,14.65,1.32,0,14.65,14.65,13.33,N/A,2026-04-22
CLU6,CLQ9,,,SP,14.83,1.33,0,14.83,14.83,13.5,N/A,2026-04-22
CLU6,CLU9,,,SP,15.01,1.33,0,15.01,15.01,13.68,N/A,2026-04-22
CLU6,CLV9,,,SP,15.19,1.34,0,15.19,15.19,13.85,N/A,2026-04-22
CLU6,CLX9,,,SP,15.37,1.35,0,15.37,15.37,14.02,N/A,2026-04-22
CLU6,CYU6,,,AE,-0.0025,0,-0.0025,0,-0.0025,0,2,2026-04-22
CLU6,IH1U6,,,BC,83.71,1.63,0,83.71,83.71,82.08,N/A,2026-04-22
CLU6,IWUU6,,,BC,83.04,1.61,0,83.04,83.04,81.43,N/A,2026-04-22
CLU6,QAU6,,,IS,-7.65,-0.35,-7.32,-7.27,-7.77,-7.3,213,"07:52 CT"
CLU6,QAU6,CLV6,QAV6,IP,-0.15,-0.1,-0.09,-0.09,-0.18,-0.05,2325,"08:21 CT"
CLU6,QAU6,CLX6,QAX6,IP,-0.38,-0.14,-0.3,-0.29,-0.44,-0.24,26,"08:12 CT"
CLU6,QAU6,CLZ6,QAZ6,IP,-0.66,-0.19,-0.53,-0.53,-0.72,-0.47,871,"08:23 CT"
CLU6,QAU6,CLF7,QAF7,IP,-0.74,-0.27,0,-0.74,-0.74,-0.47,N/A,2026-04-22
CLU6,QAU6,CLG7,QAG7,IP,-1.02,-0.32,0,-1.02,-1.02,-0.7,N/A,2026-04-22
CLU6,QAU6,CLH7,QAH7,IP,-1.27,-0.36,0,-1.27,-1.27,-0.91,N/A,2026-04-22
CLU6,QAU6,CLJ7,QAJ7,IP,-1.53,-0.41,0,-1.53,-1.53,-1.12,N/A,2026-04-22
CLU6,QAU6,CLK7,QAK7,IP,-1.76,-0.45,0,-1.76,-1.76,-1.31,N/A,2026-04-22
CLU6,QAU6,CLM7,QAM7,IP,-1.91,-0.44,0,-1.91,-1.91,-1.47,N/A,2026-04-22
CLU6,QAU6,CLN7,QAN7,IP,-2.02,-0.45,0,-2.02,-2.02,-1.57,N/A,2026-04-22
CLU6,QAU6,CLQ7,QAQ7,IP,-2.06,-0.47,0,-2.06,-2.06,-1.59,N/A,2026-04-22
CLU6,QAU6,CLU7,QAU7,IP,-2.08,-0.46,0,-2.08,-2.08,-1.62,N/A,2026-04-22
CLU6,QAU6,CLV7,QAV7,IP,-2.11,-0.46,0,-2.11,-2.11,-1.65,N/A,2026-04-22
CLU6,QAV6,,,IS,-5.,-0.21,0,-5.,-5.,-4.79,N/A,2026-04-22
CLU6,QAX6,,,IS,-3.25,-0.02,0,-3.25,-3.25,-3.23,N/A,2026-04-22
CLU6,QAZ6,,,IS,-1.78,0.13,0,-1.78,-1.78,-1.91,N/A,2026-04-22
CLV6,CLX6,,,SP,1.66,0.1,1.53,1.74,1.53,1.56,1883,"08:26 CT"
CLV6,CLX6,CLZ6,,BF,0.34,0.02,0.33,0.38,0.31,0.32,215,"08:17 CT"
CLV6,CLX6,CLZ6,,SA,77.81,1.17,0,77.81,77.81,76.64,N/A,2026-04-22
CLV6,CLX6,CLZ6,CLF7,SA,77.21,1.13,0,77.21,77.21,76.08,N/A,2026-04-22
CLV6,CLZ6,,,SP,2.97,0.17,2.79,3.12,2.74,2.8,1607,"08:26 CT"
CLV6,CLF7,,,SP,3.98,0.14,4.07,4.23,3.76,3.84,152,"08:21 CT"
CLV6,CLF7,CLJ7,,BF,1.71,0.05,0,1.71,1.71,1.66,N/A,2026-04-22
CLV6,CLG7,,,SP,4.93,0.23,4.62,5.13,4.6,4.7,158,"08:19 CT"
CLV6,CLH7,,,SP,5.58,0.17,5.31,6.01,5.28,5.41,298,"08:22 CT"
CLV6,CLJ7,,,SP,6.17,0.2,6.08,6.44,6.08,5.97,4,"04:45 CT"
CLV6,CLK7,,,SP,6.42,0.52,0,6.42,6.42,5.9,N/A,2026-04-22
CLV6,CLM7,,,SP,6.96,0.73,6.96,6.96,6.81,6.23,1,2026-04-22
CLV6,CLN7,,,SP,7.19,0.62,0,7.19,7.19,6.57,N/A,2026-04-22
CLV6,CLQ7,,,SP,7.55,0.66,0,7.55,7.55,6.89,N/A,2026-04-22
CLV6,CLU7,,,SP,7.86,0.7,0,7.86,7.86,7.16,N/A,2026-04-22
CLV6,CLV7,,,SP,8.13,0.73,0,8.13,8.13,7.4,N/A,2026-04-22
CLV6,CLX7,,,SP,8.38,0.77,0,8.38,8.38,7.61,N/A,2026-04-22
CLV6,CLZ7,,,SP,8.63,0.8,0,8.63,8.63,7.83,N/A,2026-04-22
CLV6,CLF8,,,SP,8.92,0.82,0,8.92,8.92,8.1,N/A,2026-04-22
CLV6,CLG8,,,SP,9.21,0.86,0,9.21,9.21,8.35,N/A,2026-04-22
CLV6,CLH8,,,SP,9.47,0.88,0,9.47,9.47,8.59,N/A,2026-04-22
CLV6,CLJ8,,,SP,9.69,0.9,0,9.69,9.69,8.79,N/A,2026-04-22
CLV6,CLK8,,,SP,9.86,0.93,0,9.86,9.86,8.93,N/A,2026-04-22
CLV6,CLM8,,,SP,10.01,0.95,0,10.01,10.01,9.06,N/A,2026-04-22
CLV6,CLN8,,,SP,10.2,0.97,0,10.2,10.2,9.23,N/A,2026-04-22
CLV6,CLQ8,,,SP,10.41,0.98,0,10.41,10.41,9.43,N/A,2026-04-22
CLV6,CLU8,,,SP,10.62,0.99,0,10.62,10.62,9.63,N/A,2026-04-22
CLV6,CLV8,,,SP,10.81,1.01,0,10.81,10.81,9.8,N/A,2026-04-22
CLV6,CLX8,,,SP,10.96,1.04,0,10.96,10.96,9.92,N/A,2026-04-22
CLV6,CLZ8,,,SP,11.11,1.04,0,11.11,11.11,10.07,N/A,2026-04-22
CLV6,CLF9,,,SP,11.31,1.04,0,11.31,11.31,10.27,N/A,2026-04-22
CLV6,CLG9,,,SP,11.52,1.06,0,11.52,11.52,10.46,N/A,2026-04-22
CLV6,CLH9,,,SP,11.71,1.07,0,11.71,11.71,10.64,N/A,2026-04-22
CLV6,CLJ9,,,SP,11.88,1.08,0,11.88,11.88,10.8,N/A,2026-04-22
CLV6,CLK9,,,SP,12.02,1.09,0,12.02,12.02,10.93,N/A,2026-04-22
CLV6,CLM9,,,SP,12.19,1.1,0,12.19,12.19,11.09,N/A,2026-04-22
CLV6,CLN9,,,SP,12.4,1.11,0,12.4,12.4,11.29,N/A,2026-04-22
CLV6,CLQ9,,,SP,12.58,1.12,0,12.58,12.58,11.46,N/A,2026-04-22
CLV6,CLU9,,,SP,12.76,1.12,0,12.76,12.76,11.64,N/A,2026-04-22
CLV6,CLV9,,,SP,12.94,1.13,0,12.94,12.94,11.81,N/A,2026-04-22
CLV6,CLX9,,,SP,13.12,1.14,0,13.12,13.12,11.98,N/A,2026-04-22
CLV6,IH1V6,,,BC,81.46,1.42,0,81.46,81.46,80.04,N/A,2026-04-22
CLV6,IWUV6,,,BC,80.79,1.4,0,80.79,80.79,79.39,N/A,2026-04-22
CLV6,QAV6,,,IS,-7.54,-0.29,-7.17,-7.17,-7.61,-7.25,108,"07:51 CT"
CLV6,QAV6,CLX6,QAX6,IP,-0.24,-0.05,-0.2,-0.2,-0.26,-0.19,1750,"08:23 CT"
CLV6,QAV6,CLZ6,QAZ6,IP,-0.53,-0.11,-0.45,-0.44,-0.53,-0.42,8,"08:14 CT"
CLV6,QAV6,CLF7,QAF7,IP,-0.85,-0.16,-0.71,-0.71,-0.85,-0.69,11,"07:50 CT"
CLV6,QAV6,CLG7,QAG7,IP,-0.97,-0.25,0,-0.97,-0.97,-0.72,N/A,2026-04-22
CLV6,QAV6,CLH7,QAH7,IP,-1.22,-0.29,0,-1.22,-1.22,-0.93,N/A,2026-04-22
CLV6,QAV6,CLJ7,QAJ7,IP,-1.48,-0.34,0,-1.48,-1.48,-1.14,N/A,2026-04-22
CLV6,QAV6,CLK7,QAK7,IP,-1.71,-0.38,0,-1.71,-1.71,-1.33,N/A,2026-04-22
CLV6,QAV6,CLM7,QAM7,IP,-1.86,-0.37,0,-1.86,-1.86,-1.49,N/A,2026-04-22
CLV6,QAV6,CLN7,QAN7,IP,-1.97,-0.38,0,-1.97,-1.97,-1.59,N/A,2026-04-22
CLV6,QAV6,CLQ7,QAQ7,IP,-2.01,-0.4,0,-2.01,-2.01,-1.61,N/A,2026-04-22
CLV6,QAV6,CLU7,QAU7,IP,-2.03,-0.39,0,-2.03,-2.03,-1.64,N/A,2026-04-22
CLV6,QAV6,CLV7,QAV7,IP,-2.06,-0.39,0,-2.06,-2.06,-1.67,N/A,2026-04-22
CLV6,QAV6,CLX7,QAX7,IP,-2.08,-0.39,0,-2.08,-2.08,-1.69,N/A,2026-04-22
CLV6,QAX6,,,IS,-5.5,-0.23,0,-5.5,-5.5,-5.27,N/A,2026-04-22
CLV6,QAZ6,,,IS,-4.03,-0.08,0,-4.03,-4.03,-3.95,N/A,2026-04-22
CLX6,CLZ6,,,SP,1.3,0.06,1.21,1.37,1.21,1.24,3716,"08:24 CT"
CLX6,CLZ6,CLF7,,BF,0.21,0.01,0.2,0.22,0.2,0.2,651,"08:23 CT"
CLX6,CLZ6,CLF7,CLG7,SA,76.04,1.05,0,76.04,76.04,74.99,N/A,2026-04-22
CLX6,CLF7,,,SP,2.41,0.13,2.24,2.53,2.24,2.28,1329,"08:26 CT"
CLX6,CLG7,,,SP,3.29,0.15,3.09,3.49,3.07,3.14,565,"08:15 CT"
CLX6,CLG7,CLK7,,BF,1.42,0.03,0,1.42,1.42,1.39,N/A,2026-04-22
CLX6,CLH7,,,SP,4.01,0.16,3.87,4.27,3.75,3.85,232,"08:19 CT"
CLX6,CLJ7,,,SP,4.41,0,4.7,4.7,4.4,4.41,4,"07:45 CT"
CLX6,CLK7,,,SP,4.84,-0.02,5.39,5.39,4.72,4.86,3,"07:45 CT"
CLX6,CLM7,,,SP,5.25,0.47,0,5.25,5.25,4.78,N/A,2026-04-22
CLX6,CLN7,,,SP,5.63,0.51,0,5.63,5.63,5.12,N/A,2026-04-22
CLX6,CLQ7,,,SP,5.99,0.55,0,5.99,5.99,5.44,N/A,2026-04-22
CLX6,CLU7,,,SP,6.3,0.59,0,6.3,6.3,5.71,N/A,2026-04-22
CLX6,CLV7,,,SP,6.57,0.62,0,6.57,6.57,5.95,N/A,2026-04-22
CLX6,CLX7,,,SP,6.82,0.66,0,6.82,6.82,6.16,N/A,2026-04-22
CLX6,CLZ7,,,SP,7.07,0.69,0,7.07,7.07,6.38,N/A,2026-04-22
CLX6,CLF8,,,SP,7.36,0.71,0,7.36,7.36,6.65,N/A,2026-04-22
CLX6,CLG8,,,SP,7.65,0.75,0,7.65,7.65,6.9,N/A,2026-04-22
CLX6,CLH8,,,SP,7.91,0.77,0,7.91,7.91,7.14,N/A,2026-04-22
CLX6,CLJ8,,,SP,8.13,0.79,0,8.13,8.13,7.34,N/A,2026-04-22
CLX6,CLK8,,,SP,8.3,0.82,0,8.3,8.3,7.48,N/A,2026-04-22
CLX6,CLM8,,,SP,8.45,0.84,0,8.45,8.45,7.61,N/A,2026-04-22
CLX6,CLN8,,,SP,8.64,0.86,0,8.64,8.64,7.78,N/A,2026-04-22
CLX6,CLQ8,,,SP,8.85,0.87,0,8.85,8.85,7.98,N/A,2026-04-22
CLX6,CLU8,,,SP,9.06,0.88,0,9.06,9.06,8.18,N/A,2026-04-22
CLX6,CLV8,,,SP,9.25,0.9,0,9.25,9.25,8.35,N/A,2026-04-22
CLX6,CLX8,,,SP,9.4,0.93,0,9.4,9.4,8.47,N/A,2026-04-22
CLX6,CLZ8,,,SP,9.55,0.93,0,9.55,9.55,8.62,N/A,2026-04-22
CLX6,CLF9,,,SP,9.75,0.93,0,9.75,9.75,8.82,N/A,2026-04-22
CLX6,CLG9,,,SP,9.96,0.95,0,9.96,9.96,9.01,N/A,2026-04-22
CLX6,CLH9,,,SP,10.15,0.96,0,10.15,10.15,9.19,N/A,2026-04-22
CLX6,CLJ9,,,SP,10.32,0.97,0,10.32,10.32,9.35,N/A,2026-04-22
CLX6,CLK9,,,SP,10.46,0.98,0,10.46,10.46,9.48,N/A,2026-04-22
CLX6,CLM9,,,SP,10.63,0.99,0,10.63,10.63,9.64,N/A,2026-04-22
CLX6,CLN9,,,SP,10.84,1,0,10.84,10.84,9.84,N/A,2026-04-22
CLX6,CLQ9,,,SP,11.02,1.01,0,11.02,11.02,10.01,N/A,2026-04-22
CLX6,CLU9,,,SP,11.2,1.01,0,11.2,11.2,10.19,N/A,2026-04-22
CLX6,CLV9,,,SP,11.38,1.02,0,11.38,11.38,10.36,N/A,2026-04-22
CLX6,CLX9,,,SP,11.56,1.03,0,11.56,11.56,10.53,N/A,2026-04-22
CLX6,IH1X6,,,BC,79.9,1.31,0,79.9,79.9,78.59,N/A,2026-04-22
CLX6,IWUX6,,,BC,79.23,1.3,0,79.23,79.23,77.93,N/A,2026-04-22
CLX6,QAX6,,,IS,-7.21,-0.15,-6.94,-6.94,-7.39,-7.06,90,"07:49 CT"
CLX6,QAX6,CLZ6,QAZ6,IP,-0.28,-0.05,-0.25,-0.24,-0.28,-0.23,1587,"08:23 CT"
CLX6,QAX6,CLF7,QAF7,IP,-0.5,-0.12,0,-0.5,-0.5,-0.38,N/A,2026-04-22
CLX6,QAX6,CLG7,QAG7,IP,-0.78,-0.17,0,-0.78,-0.78,-0.61,N/A,2026-04-22
CLX6,QAX6,CLH7,QAH7,IP,-1.03,-0.21,0,-1.03,-1.03,-0.82,N/A,2026-04-22
CLX6,QAX6,CLJ7,QAJ7,IP,-1.29,-0.26,0,-1.29,-1.29,-1.03,N/A,2026-04-22
CLX6,QAX6,CLK7,QAK7,IP,-1.52,-0.3,0,-1.52,-1.52,-1.22,N/A,2026-04-22
CLX6,QAX6,CLM7,QAM7,IP,-1.67,-0.29,0,-1.67,-1.67,-1.38,N/A,2026-04-22
CLX6,QAX6,CLN7,QAN7,IP,-1.78,-0.3,0,-1.78,-1.78,-1.48,N/A,2026-04-22
CLX6,QAX6,CLQ7,QAQ7,IP,-1.82,-0.32,0,-1.82,-1.82,-1.5,N/A,2026-04-22
CLX6,QAX6,CLU7,QAU7,IP,-1.84,-0.31,0,-1.84,-1.84,-1.53,N/A,2026-04-22
CLX6,QAX6,CLV7,QAV7,IP,-1.87,-0.31,0,-1.87,-1.87,-1.56,N/A,2026-04-22
CLX6,QAX6,CLX7,QAX7,IP,-1.89,-0.31,0,-1.89,-1.89,-1.58,N/A,2026-04-22
CLX6,QAX6,CLZ7,QAZ7,IP,-1.91,-0.32,0,-1.91,-1.91,-1.59,N/A,2026-04-22
CLX6,QAZ6,,,IS,-5.59,-0.19,0,-5.59,-5.59,-5.4,N/A,2026-04-22
CLX6,QAF7,,,IS,-4.28,-0.07,0,-4.28,-4.28,-4.21,N/A,2026-04-22
CLZ6,CLF7,,,SP,1.09,0.05,1.02,1.16,1.02,1.04,2528,"08:25 CT"
CLZ6,CLF7,CLG7,,BF,0.19,0.01,0.17,0.19,0.17,0.18,67,"07:51 CT"
CLZ6,CLG7,,,SP,1.99,0.09,1.86,2.11,1.86,1.9,692,"08:15 CT"
CLZ6,CLH7,,,SP,2.71,0.1,2.56,2.91,2.54,2.61,2454,"08:27 CT"
CLZ6,CLH7,CLM7,,BF,1.24,0.03,1.3,1.3,1.22,1.21,91,"07:20 CT"
CLZ6,CLJ7,,,SP,3.27,0.1,3.49,3.49,3.08,3.17,56,"08:14 CT"
CLZ6,CLK7,,,SP,3.6,-0.02,3.86,3.86,3.5,3.62,6,"07:45 CT"
CLZ6,CLM7,,,SP,4.12,0.11,4.01,4.5,3.84,4.01,3281,"08:26 CT"
CLZ6,CLM7,CLZ7,,BF,2.19,0.17,1.96,2.29,1.96,2.02,159,2026-04-22
CLZ6,CLN7,,,SP,4.39,0.43,0,4.39,4.39,3.96,N/A,2026-04-22
CLZ6,CLQ7,,,SP,4.75,0.47,0,4.75,4.75,4.28,N/A,2026-04-22
CLZ6,CLU7,,,SP,5.06,0.51,0,5.06,5.06,4.55,N/A,2026-04-22
CLZ6,CLV7,,,SP,5.33,0.54,0,5.33,5.33,4.79,N/A,2026-04-22
CLZ6,CLX7,,,SP,5.58,0.58,0,5.58,5.58,5,N/A,2026-04-22
CLZ6,CLZ7,,,SP,5.92,0.09,5.75,6.55,5.56,5.83,4611,"08:27 CT"
CLZ6,CLZ7,CLZ8,,BF,3.5,0.15,3.51,3.52,3.5,3.35,7,"22:58 CT"
CLZ6,CLF8,,,SP,6.12,0.63,0,6.12,6.12,5.49,N/A,2026-04-22
CLZ6,CLG8,,,SP,6.41,0.67,0,6.41,6.41,5.74,N/A,2026-04-22
CLZ6,CLH8,,,SP,6.67,0.69,0,6.67,6.67,5.98,N/A,2026-04-22
CLZ6,CLJ8,,,SP,6.89,0.71,0,6.89,6.89,6.18,N/A,2026-04-22
CLZ6,CLK8,,,SP,7.06,0.74,0,7.06,7.06,6.32,N/A,2026-04-22
CLZ6,CLM8,,,SP,7.21,0.76,0,7.21,7.21,6.45,N/A,2026-04-22
CLZ6,CLN8,,,SP,7.4,0.78,0,7.4,7.4,6.62,N/A,2026-04-22
CLZ6,CLQ8,,,SP,7.61,0.79,0,7.61,7.61,6.82,N/A,2026-04-22
CLZ6,CLU8,,,SP,7.82,0.8,0,7.82,7.82,7.02,N/A,2026-04-22
CLZ6,CLV8,,,SP,8.01,0.82,0,8.01,8.01,7.19,N/A,2026-04-22
CLZ6,CLX8,,,SP,8.16,0.85,0,8.16,8.16,7.31,N/A,2026-04-22
CLZ6,CLZ8,,,SP,8.52,0.21,8.25,8.52,8.25,8.31,2,"02:46 CT"
CLZ6,CLF9,,,SP,8.51,0.85,0,8.51,8.51,7.66,N/A,2026-04-22
CLZ6,CLG9,,,SP,8.72,0.87,0,8.72,8.72,7.85,N/A,2026-04-22
CLZ6,CLH9,,,SP,8.91,0.88,0,8.91,8.91,8.03,N/A,2026-04-22
CLZ6,CLJ9,,,SP,9.08,0.89,0,9.08,9.08,8.19,N/A,2026-04-22
CLZ6,CLK9,,,SP,9.22,0.9,0,9.22,9.22,8.32,N/A,2026-04-22
CLZ6,CLM9,,,SP,9.39,0.91,0,9.39,9.39,8.48,N/A,2026-04-22
CLZ6,CLN9,,,SP,9.6,0.92,0,9.6,9.6,8.68,N/A,2026-04-22
CLZ6,CLQ9,,,SP,9.78,0.93,0,9.78,9.78,8.85,N/A,2026-04-22
CLZ6,CLU9,,,SP,9.96,0.93,0,9.96,9.96,9.03,N/A,2026-04-22
CLZ6,CLV9,,,SP,10.14,0.94,0,10.14,10.14,9.2,N/A,2026-04-22
CLZ6,CLX9,,,SP,10.32,0.95,0,10.32,10.32,9.37,N/A,2026-04-22
CLZ6,CLZ9,,,SP,10.45,0.96,0,10.45,10.45,9.49,N/A,2026-04-22
CLZ6,CLM0,,,SP,11.54,0.98,0,11.54,11.54,10.56,N/A,2026-04-22
CLZ6,CLZ0,,,SP,12.57,1.02,0,12.57,12.57,11.55,N/A,2026-04-22
CLZ6,CLM1,,,SP,13.63,1.04,0,13.63,13.63,12.59,N/A,2026-04-22
CLZ6,CLZ1,,,SP,14.66,1.08,0,14.66,14.66,13.58,N/A,2026-04-22
CLZ6,CLM2,,,SP,15.7,1.08,0,15.7,15.7,14.62,N/A,2026-04-22
CLZ6,CLZ2,,,SP,16.67,1.08,0,16.67,16.67,15.59,N/A,2026-04-22
CLZ6,CLM3,,,SP,17.64,1.08,0,17.64,17.64,16.56,N/A,2026-04-22
CLZ6,CLZ3,,,SP,18.64,1.08,0,18.64,18.64,17.56,N/A,2026-04-22
CLZ6,CLM4,,,SP,19.61,1.08,0,19.61,19.61,18.53,N/A,2026-04-22
CLZ6,CLZ4,,,SP,20.54,1.08,0,20.54,20.54,19.46,N/A,2026-04-22
CLZ6,CLM5,,,SP,21.51,1.08,0,21.51,21.51,20.43,N/A,2026-04-22
CLZ6,CLZ5,,,SP,22.44,1.08,0,22.44,22.44,21.36,N/A,2026-04-22
CLZ6,CYZ6,,,AE,-0.0025,0,-0.0025,0,-0.0025,0,3,2026-04-22
CLZ6,IH1Z6,,,BC,78.66,1.23,0,78.66,78.66,77.43,N/A,2026-04-22
CLZ6,IWUZ6,,,BC,77.99,1.23,0,77.99,77.99,76.76,N/A,2026-04-22
CLZ6,QAZ6,,,IS,-6.98,-0.15,-6.67,-6.65,-7.2,-6.83,3632,"08:27 CT"
CLZ6,QAZ6,CLF7,QAF7,IP,-0.31,-0.04,-0.28,-0.28,-0.32,-0.27,1708,"08:26 CT"
CLZ6,QAZ6,CLG7,QAG7,IP,-0.55,-0.1,0,-0.55,-0.55,-0.45,N/A,2026-04-22
CLZ6,QAZ6,CLH7,QAH7,IP,-0.91,-0.11,-0.83,-0.81,-0.91,-0.8,150,"08:23 CT"
CLZ6,QAZ6,CLJ7,QAJ7,IP,-1.06,-0.19,0,-1.06,-1.06,-0.87,N/A,2026-04-22
CLZ6,QAZ6,CLK7,QAK7,IP,-1.29,-0.23,0,-1.29,-1.29,-1.06,N/A,2026-04-22
CLZ6,QAZ6,CLM7,QAM7,IP,-1.58,-0.14,-1.46,-1.45,-1.59,-1.44,15,"07:27 CT"
CLZ6,QAZ6,CLN7,QAN7,IP,-1.55,-0.23,0,-1.55,-1.55,-1.32,N/A,2026-04-22
CLZ6,QAZ6,CLQ7,QAQ7,IP,-1.59,-0.25,0,-1.59,-1.59,-1.34,N/A,2026-04-22
CLZ6,QAZ6,CLU7,QAU7,IP,-1.61,-0.24,0,-1.61,-1.61,-1.37,N/A,2026-04-22
CLZ6,QAZ6,CLV7,QAV7,IP,-1.64,-0.24,0,-1.64,-1.64,-1.4,N/A,2026-04-22
CLZ6,QAZ6,CLX7,QAX7,IP,-1.66,-0.24,0,-1.66,-1.66,-1.42,N/A,2026-04-22
CLZ6,QAZ6,CLZ7,QAZ7,IP,-1.85,-0.17,-1.71,-1.64,-1.91,-1.68,21,"07:55 CT"
CLZ6,QAZ6,CLF8,QAF8,IP,-1.69,-0.26,0,-1.69,-1.69,-1.43,N/A,2026-04-22
CLZ6,QAF7,,,IS,-5.52,-0.15,0,-5.52,-5.52,-5.37,N/A,2026-04-22
CLZ6,QAG7,,,IS,-4.38,-0.03,0,-4.38,-4.38,-4.35,N/A,2026-04-22
CLZ6,QAM7,,,IS,-1.38,0.34,0,-1.38,-1.38,-1.72,N/A,2026-04-22
CLZ6,QAZ7,,,IS,0.68,0.59,0,0.68,0.68,0.09,N/A,2026-04-22
CLF7,CLG7,,,SP,0.9,0.04,0.84,0.96,0.84,0.86,1121,"08:27 CT"
CLF7,CLG7,CLH7,,BF,0.17,0.02,0.17,0.17,0.16,0.15,87,"08:14 CT"
CLF7,CLG7,CLH7,,SA,74.61,0.94,0,74.61,74.61,73.67,N/A,2026-04-22
CLF7,CLH7,,,SP,1.62,0.05,1.55,1.75,1.52,1.57,261,"08:27 CT"
CLF7,CLJ7,,,SP,2.17,0.04,2.09,2.38,2.06,2.13,194,"08:20 CT"
CLF7,CLK7,,,SP,2.56,-0.02,2.6,2.74,2.47,2.58,20,"07:45 CT"
CLF7,CLM7,,,SP,2.81,-0.16,2.92,3.27,2.81,2.97,9,"07:00 CT"
CLF7,CLN7,,,SP,3.35,0.36,0,3.35,3.35,2.99,N/A,2026-04-22
CLF7,CLQ7,,,SP,3.71,0.4,0,3.71,3.71,3.31,N/A,2026-04-22
CLF7,CLU7,,,SP,4.02,0.44,0,4.02,4.02,3.58,N/A,2026-04-22
CLF7,CLV7,,,SP,4.29,0.47,0,4.29,4.29,3.82,N/A,2026-04-22
CLF7,CLX7,,,SP,4.54,0.51,0,4.54,4.54,4.03,N/A,2026-04-22
CLF7,CLZ7,,,SP,4.79,0.54,0,4.79,4.79,4.25,N/A,2026-04-22
CLF7,CLF8,,,SP,5.08,0.56,0,5.08,5.08,4.52,N/A,2026-04-22
CLF7,CLG8,,,SP,5.37,0.6,0,5.37,5.37,4.77,N/A,2026-04-22
CLF7,CLH8,,,SP,5.63,0.62,0,5.63,5.63,5.01,N/A,2026-04-22
CLF7,CLJ8,,,SP,5.85,0.64,0,5.85,5.85,5.21,N/A,2026-04-22
CLF7,CLK8,,,SP,6.02,0.67,0,6.02,6.02,5.35,N/A,2026-04-22
CLF7,CLM8,,,SP,6.17,0.69,0,6.17,6.17,5.48,N/A,2026-04-22
CLF7,CLN8,,,SP,6.36,0.71,0,6.36,6.36,5.65,N/A,2026-04-22
CLF7,CLQ8,,,SP,6.57,0.72,0,6.57,6.57,5.85,N/A,2026-04-22
CLF7,CLU8,,,SP,6.78,0.73,0,6.78,6.78,6.05,N/A,2026-04-22
CLF7,CLV8,,,SP,6.97,0.75,0,6.97,6.97,6.22,N/A,2026-04-22
CLF7,CLX8,,,SP,7.12,0.78,0,7.12,7.12,6.34,N/A,2026-04-22
CLF7,CLZ8,,,SP,7.27,0.78,0,7.27,7.27,6.49,N/A,2026-04-22
CLF7,CLF9,,,SP,7.47,0.78,0,7.47,7.47,6.69,N/A,2026-04-22
CLF7,CLG9,,,SP,7.68,0.8,0,7.68,7.68,6.88,N/A,2026-04-22
CLF7,CLH9,,,SP,7.87,0.81,0,7.87,7.87,7.06,N/A,2026-04-22
CLF7,CLJ9,,,SP,8.04,0.82,0,8.04,8.04,7.22,N/A,2026-04-22
CLF7,CLK9,,,SP,8.18,0.83,0,8.18,8.18,7.35,N/A,2026-04-22
CLF7,CLM9,,,SP,8.35,0.84,0,8.35,8.35,7.51,N/A,2026-04-22
CLF7,CLN9,,,SP,8.56,0.85,0,8.56,8.56,7.71,N/A,2026-04-22
CLF7,CLQ9,,,SP,8.74,0.86,0,8.74,8.74,7.88,N/A,2026-04-22
CLF7,CLU9,,,SP,8.92,0.86,0,8.92,8.92,8.06,N/A,2026-04-22
CLF7,CLV9,,,SP,9.1,0.87,0,9.1,9.1,8.23,N/A,2026-04-22
CLF7,CLX9,,,SP,9.28,0.88,0,9.28,9.28,8.4,N/A,2026-04-22
CLF7,IH1F7,,,BC,77.37,0.97,0,77.37,77.37,76.4,N/A,2026-04-22
CLF7,IWUF7,,,BC,76.7,1.05,0,76.7,76.7,75.65,N/A,2026-04-22
CLF7,QAF7,,,IS,-6.56,0,-6.56,-6.56,-6.56,-6.56,4,"23:51 CT"
CLF7,QAF7,CLG7,QAG7,IP,-0.31,-0.03,-0.28,-0.28,-0.31,-0.28,324,"08:24 CT"
CLF7,QAF7,CLH7,QAH7,IP,-0.53,-0.09,0,-0.53,-0.53,-0.44,N/A,2026-04-22
CLF7,QAF7,CLJ7,QAJ7,IP,-0.79,-0.14,0,-0.79,-0.79,-0.65,N/A,2026-04-22
CLF7,QAF7,CLK7,QAK7,IP,-1.02,-0.18,0,-1.02,-1.02,-0.84,N/A,2026-04-22
CLF7,QAF7,CLM7,QAM7,IP,-1.17,-0.17,0,-1.17,-1.17,-1.,N/A,2026-04-22
CLF7,QAF7,CLN7,QAN7,IP,-1.28,-0.18,0,-1.28,-1.28,-1.1,N/A,2026-04-22
CLF7,QAF7,CLQ7,QAQ7,IP,-1.32,-0.2,0,-1.32,-1.32,-1.12,N/A,2026-04-22
CLF7,QAF7,CLU7,QAU7,IP,-1.34,-0.19,0,-1.34,-1.34,-1.15,N/A,2026-04-22
CLF7,QAF7,CLV7,QAV7,IP,-1.37,-0.19,0,-1.37,-1.37,-1.18,N/A,2026-04-22
CLF7,QAF7,CLX7,QAX7,IP,-1.39,-0.19,0,-1.39,-1.39,-1.2,N/A,2026-04-22
CLF7,QAF7,CLZ7,QAZ7,IP,-1.41,-0.2,0,-1.41,-1.41,-1.21,N/A,2026-04-22
CLF7,QAF7,CLF8,QAF8,IP,-1.42,-0.21,0,-1.42,-1.42,-1.21,N/A,2026-04-22
CLF7,QAF7,CLG8,QAG8,IP,-1.41,-0.2,0,-1.41,-1.41,-1.21,N/A,2026-04-22
CLF7,QAG7,,,IS,-5.42,-0.1,0,-5.42,-5.42,-5.32,N/A,2026-04-22
CLF7,QAH7,,,IS,-4.46,0.02,0,-4.46,-4.46,-4.48,N/A,2026-04-22
CLG7,CLH7,,,SP,0.71,0,0.69,0.78,0.68,0.71,299,"08:21 CT"
CLG7,CLH7,CLJ7,,BF,0.15,0,0.15,0.15,0.14,0.15,151,"08:16 CT"
CLG7,CLJ7,,,SP,1.28,0.01,1.27,1.4,1.21,1.27,514,"08:24 CT"
CLG7,CLK7,,,SP,1.75,0.03,1.77,1.77,1.73,1.72,3,"08:19 CT"
CLG7,CLM7,,,SP,2.09,-0.02,2.33,2.33,2.02,2.11,5,"07:49 CT"
CLG7,CLN7,,,SP,2.49,0.29,0,2.49,2.49,2.2,N/A,2026-04-22
CLG7,CLQ7,,,SP,2.85,0.33,0,2.85,2.85,2.52,N/A,2026-04-22
CLG7,CLU7,,,SP,3.16,0.37,0,3.16,3.16,2.79,N/A,2026-04-22
CLG7,CLV7,,,SP,3.43,0.4,0,3.43,3.43,3.03,N/A,2026-04-22
CLG7,CLX7,,,SP,3.68,0.44,0,3.68,3.68,3.24,N/A,2026-04-22
CLG7,CLZ7,,,SP,3.93,0.47,0,3.93,3.93,3.46,N/A,2026-04-22
CLG7,CLF8,,,SP,4.22,0.49,0,4.22,4.22,3.73,N/A,2026-04-22
CLG7,CLG8,,,SP,4.49,-0.02,4.49,4.49,4.49,4.51,1,"07:45 CT"
CLG7,CLH8,,,SP,4.77,0.55,0,4.77,4.77,4.22,N/A,2026-04-22
CLG7,CLJ8,,,SP,4.99,0.57,0,4.99,4.99,4.42,N/A,2026-04-22
CLG7,CLK8,,,SP,5.16,0.6,0,5.16,5.16,4.56,N/A,2026-04-22
CLG7,CLM8,,,SP,5.31,0.62,0,5.31,5.31,4.69,N/A,2026-04-22
CLG7,CLN8,,,SP,5.5,0.64,0,5.5,5.5,4.86,N/A,2026-04-22
CLG7,CLQ8,,,SP,5.71,0.65,0,5.71,5.71,5.06,N/A,2026-04-22
CLG7,CLU8,,,SP,5.92,0.66,0,5.92,5.92,5.26,N/A,2026-04-22
CLG7,CLV8,,,SP,6.11,0.68,0,6.11,6.11,5.43,N/A,2026-04-22
CLG7,CLX8,,,SP,6.26,0.71,0,6.26,6.26,5.55,N/A,2026-04-22
CLG7,CLZ8,,,SP,6.41,0.71,0,6.41,6.41,5.7,N/A,2026-04-22
CLG7,CLF9,,,SP,6.61,0.71,0,6.61,6.61,5.9,N/A,2026-04-22
CLG7,CLG9,,,SP,6.82,0.73,0,6.82,6.82,6.09,N/A,2026-04-22
CLG7,CLH9,,,SP,7.01,0.74,0,7.01,7.01,6.27,N/A,2026-04-22
CLG7,CLJ9,,,SP,7.18,0.75,0,7.18,7.18,6.43,N/A,2026-04-22
CLG7,CLK9,,,SP,7.32,0.76,0,7.32,7.32,6.56,N/A,2026-04-22
CLG7,CLM9,,,SP,7.49,0.77,0,7.49,7.49,6.72,N/A,2026-04-22
CLG7,CLN9,,,SP,7.7,0.78,0,7.7,7.7,6.92,N/A,2026-04-22
CLG7,CLQ9,,,SP,7.88,0.79,0,7.88,7.88,7.09,N/A,2026-04-22
CLG7,CLU9,,,SP,8.06,0.79,0,8.06,8.06,7.27,N/A,2026-04-22
CLG7,CLV9,,,SP,8.24,0.8,0,8.24,8.24,7.44,N/A,2026-04-22
CLG7,CLX9,,,SP,8.42,0.81,0,8.42,8.42,7.61,N/A,2026-04-22
CLG7,IH1G7,,,BC,76.46,0.92999999999999,0,76.46,76.46,75.53,N/A,2026-04-22
CLG7,IWUG7,,,BC,75.79,1.01,0,75.79,75.79,74.78,N/A,2026-04-22
CLG7,QAG7,,,IS,-6.28,-0.17,0,-6.28,-6.28,-6.11,N/A,2026-04-22
CLG7,QAG7,CLH7,QAH7,IP,-0.28,-0.03,-0.26,-0.25,-0.28,-0.25,29,"07:05 CT"
CLG7,QAG7,CLJ7,QAJ7,IP,-0.51,-0.09,0,-0.51,-0.51,-0.42,N/A,2026-04-22
CLG7,QAG7,CLK7,QAK7,IP,-0.74,-0.13,0,-0.74,-0.74,-0.61,N/A,2026-04-22
CLG7,QAG7,CLM7,QAM7,IP,-0.89,-0.12,0,-0.89,-0.89,-0.77,N/A,2026-04-22
CLG7,QAG7,CLN7,QAN7,IP,-1.,-0.13,0,-1.,-1.,-0.87,N/A,2026-04-22
CLG7,QAG7,CLQ7,QAQ7,IP,-1.04,-0.15,0,-1.04,-1.04,-0.89,N/A,2026-04-22
CLG7,QAG7,CLU7,QAU7,IP,-1.06,-0.14,0,-1.06,-1.06,-0.92,N/A,2026-04-22
CLG7,QAG7,CLV7,QAV7,IP,-1.09,-0.14,0,-1.09,-1.09,-0.95,N/A,2026-04-22
CLG7,QAG7,CLX7,QAX7,IP,-1.11,-0.14,0,-1.11,-1.11,-0.97,N/A,2026-04-22
CLG7,QAG7,CLZ7,QAZ7,IP,-1.13,-0.15,0,-1.13,-1.13,-0.98,N/A,2026-04-22
CLG7,QAG7,CLF8,QAF8,IP,-1.14,-0.16,0,-1.14,-1.14,-0.98,N/A,2026-04-22
CLG7,QAG7,CLG8,QAG8,IP,-1.13,-0.15,0,-1.13,-1.13,-0.98,N/A,2026-04-22
CLG7,QAG7,CLH8,QAH8,IP,-1.09,-0.15,0,-1.09,-1.09,-0.94,N/A,2026-04-22
CLG7,QAH7,,,IS,-5.32,-0.05,0,-5.32,-5.32,-5.27,N/A,2026-04-22
CLG7,QAJ7,,,IS,-4.5,0.06,0,-4.5,-4.5,-4.56,N/A,2026-04-22
CLH7,CLJ7,,,SP,0.57,0.0099999999999999,0.58,0.63,0.53,0.56,1801,"08:25 CT"
CLH7,CLJ7,CLK7,,BF,0.12,0.01,0.12,0.12,0.12,0.11,19,"06:23 CT"
CLH7,CLK7,,,SP,1.02,0.01,0.99,1.14,0.95,1.01,442,"08:24 CT"
CLH7,CLM7,,,SP,1.41,0.01,1.4,1.59,1.3,1.4,804,"08:19 CT"
CLH7,CLN7,,,SP,1.98,0.2,1.98,1.98,1.98,1.78,1,"19:17 CT"
CLH7,CLQ7,,,SP,2.14,0.25,0,2.14,2.14,1.89,N/A,2026-04-22
CLH7,CLU7,,,SP,2.43,0.27,2.32,2.45,2.32,2.16,3,2026-04-22
CLH7,CLV7,,,SP,2.72,0.32,0,2.72,2.72,2.4,N/A,2026-04-22
CLH7,CLX7,,,SP,2.97,0.36,0,2.97,2.97,2.61,N/A,2026-04-22
CLH7,CLZ7,,,SP,3.24,0.41,3.24,3.24,3.22,2.83,1,2026-04-22
CLH7,CLF8,,,SP,3.51,0.41,0,3.51,3.51,3.1,N/A,2026-04-22
CLH7,CLG8,,,SP,3.8,0.45,0,3.8,3.8,3.35,N/A,2026-04-22
CLH7,CLH8,,,SP,4.06,0.47,0,4.06,4.06,3.59,N/A,2026-04-22
CLH7,CLJ8,,,SP,4.28,0.49,0,4.28,4.28,3.79,N/A,2026-04-22
CLH7,CLK8,,,SP,4.45,0.52,0,4.45,4.45,3.93,N/A,2026-04-22
CLH7,CLM8,,,SP,4.6,0.54,0,4.6,4.6,4.06,N/A,2026-04-22
CLH7,CLN8,,,SP,4.79,0.56,0,4.79,4.79,4.23,N/A,2026-04-22
CLH7,CLQ8,,,SP,5,0.57,0,5,5,4.43,N/A,2026-04-22
CLH7,CLU8,,,SP,5.21,0.58,0,5.21,5.21,4.63,N/A,2026-04-22
CLH7,CLV8,,,SP,5.4,0.6,0,5.4,5.4,4.8,N/A,2026-04-22
CLH7,CLX8,,,SP,5.55,0.63,0,5.55,5.55,4.92,N/A,2026-04-22
CLH7,CLZ8,,,SP,5.7,0.63,0,5.7,5.7,5.07,N/A,2026-04-22
CLH7,CLF9,,,SP,5.9,0.63,0,5.9,5.9,5.27,N/A,2026-04-22
CLH7,CLG9,,,SP,6.11,0.65,0,6.11,6.11,5.46,N/A,2026-04-22
CLH7,CLH9,,,SP,6.3,0.66,0,6.3,6.3,5.64,N/A,2026-04-22
CLH7,CLJ9,,,SP,6.47,0.67,0,6.47,6.47,5.8,N/A,2026-04-22
CLH7,CLK9,,,SP,6.61,0.68,0,6.61,6.61,5.93,N/A,2026-04-22
CLH7,CLM9,,,SP,6.78,0.69,0,6.78,6.78,6.09,N/A,2026-04-22
CLH7,CLN9,,,SP,6.99,0.7,0,6.99,6.99,6.29,N/A,2026-04-22
CLH7,CLQ9,,,SP,7.17,0.71,0,7.17,7.17,6.46,N/A,2026-04-22
CLH7,CLU9,,,SP,7.35,0.71,0,7.35,7.35,6.64,N/A,2026-04-22
CLH7,CLV9,,,SP,7.53,0.72,0,7.53,7.53,6.81,N/A,2026-04-22
CLH7,CLX9,,,SP,7.71,0.73,0,7.71,7.71,6.98,N/A,2026-04-22
CLH7,IH1H7,,,BC,75.74,0.83999999999999,0,75.74,75.74,74.9,N/A,2026-04-22
CLH7,IWUH7,,,BC,75.06,0.91,0,75.06,75.06,74.15,N/A,2026-04-22
CLH7,QAH7,,,IS,-6.09,-0.06,-6.,-5.97,-6.28,-6.03,41,"08:26 CT"
CLH7,QAH7,CLJ7,QAJ7,IP,-0.27,-0.01,-0.27,-0.27,-0.27,-0.26,8,"04:29 CT"
CLH7,QAH7,CLK7,QAK7,IP,-0.49,-0.09,0,-0.49,-0.49,-0.4,N/A,2026-04-22
CLH7,QAH7,CLM7,QAM7,IP,-0.67,-0.03,-0.64,-0.61,-0.72,-0.64,57,"07:49 CT"
CLH7,QAH7,CLN7,QAN7,IP,-0.75,-0.09,0,-0.75,-0.75,-0.66,N/A,2026-04-22
CLH7,QAH7,CLQ7,QAQ7,IP,-0.79,-0.11,0,-0.79,-0.79,-0.68,N/A,2026-04-22
CLH7,QAH7,CLU7,QAU7,IP,-0.81,-0.1,0,-0.81,-0.81,-0.71,N/A,2026-04-22
CLH7,QAH7,CLV7,QAV7,IP,-0.84,-0.1,0,-0.84,-0.84,-0.74,N/A,2026-04-22
CLH7,QAH7,CLX7,QAX7,IP,-0.86,-0.1,0,-0.86,-0.86,-0.76,N/A,2026-04-22
CLH7,QAH7,CLZ7,QAZ7,IP,-0.88,-0.11,0,-0.88,-0.88,-0.77,N/A,2026-04-22
CLH7,QAH7,CLF8,QAF8,IP,-0.89,-0.12,0,-0.89,-0.89,-0.77,N/A,2026-04-22
CLH7,QAH7,CLG8,QAG8,IP,-0.88,-0.11,0,-0.88,-0.88,-0.77,N/A,2026-04-22
CLH7,QAH7,CLH8,QAH8,IP,-0.84,-0.11,0,-0.84,-0.84,-0.73,N/A,2026-04-22
CLH7,QAH7,CLJ8,QAJ8,IP,-0.79,-0.12,0,-0.79,-0.79,-0.67,N/A,2026-04-22
CLH7,QAJ7,,,IS,-5.21,-0.02,0,-5.21,-5.21,-5.19,N/A,2026-04-22
CLH7,QAK7,,,IS,-4.53,0.069999999999999,0,-4.53,-4.53,-4.6,N/A,2026-04-22
CLH7,QAM7,,,IS,-3.99,0.12,0,-3.99,-3.99,-4.11,N/A,2026-04-22
CLJ7,CLK7,,,SP,0.45,0,0.44,0.51,0.42,0.45,659,"08:24 CT"
CLJ7,CLK7,CLM7,,BF,0.06,0,0.07,0.07,0.06,0.06,26,"19:16 CT"
CLJ7,CLK7,CLM7,,SA,72.86,0.75,0,72.86,72.86,72.11,N/A,2026-04-22
CLJ7,CLM7,,,SP,0.83,-0.01,0.87,0.87,0.77,0.84,39,"07:45 CT"
CLJ7,CLN7,,,SP,1.17,-0.05,1.36,1.36,1.17,1.22,14,"07:06 CT"
CLJ7,CLQ7,,,SP,1.58,0.19,0,1.58,1.58,1.39,N/A,2026-04-22
CLJ7,CLU7,,,SP,1.83,-0.06,1.83,1.83,1.83,1.89,1,"07:45 CT"
CLJ7,CLV7,,,SP,2.16,0.26,0,2.16,2.16,1.9,N/A,2026-04-22
CLJ7,CLX7,,,SP,2.41,0.3,0,2.41,2.41,2.11,N/A,2026-04-22
CLJ7,CLZ7,,,SP,2.66,0.33,0,2.66,2.66,2.33,N/A,2026-04-22
CLJ7,CLF8,,,SP,2.95,0.35,0,2.95,2.95,2.6,N/A,2026-04-22
CLJ7,CLG8,,,SP,3.24,0.39,0,3.24,3.24,2.85,N/A,2026-04-22
CLJ7,CLH8,,,SP,3.5,0.41,0,3.5,3.5,3.09,N/A,2026-04-22
CLJ7,CLJ8,,,SP,3.72,0.43,0,3.72,3.72,3.29,N/A,2026-04-22
CLJ7,CLK8,,,SP,3.89,0.46,0,3.89,3.89,3.43,N/A,2026-04-22
CLJ7,CLM8,,,SP,4.04,0.48,0,4.04,4.04,3.56,N/A,2026-04-22
CLJ7,CLN8,,,SP,4.23,0.5,0,4.23,4.23,3.73,N/A,2026-04-22
CLJ7,CLQ8,,,SP,4.44,0.51,0,4.44,4.44,3.93,N/A,2026-04-22
CLJ7,CLU8,,,SP,4.65,0.52,0,4.65,4.65,4.13,N/A,2026-04-22
CLJ7,CLV8,,,SP,4.84,0.54,0,4.84,4.84,4.3,N/A,2026-04-22
CLJ7,CLX8,,,SP,4.99,0.57,0,4.99,4.99,4.42,N/A,2026-04-22
CLJ7,CLZ8,,,SP,5.14,0.57,0,5.14,5.14,4.57,N/A,2026-04-22
CLJ7,CLF9,,,SP,5.34,0.57,0,5.34,5.34,4.77,N/A,2026-04-22
CLJ7,CLG9,,,SP,5.55,0.59,0,5.55,5.55,4.96,N/A,2026-04-22
CLJ7,CLH9,,,SP,5.74,0.6,0,5.74,5.74,5.14,N/A,2026-04-22
CLJ7,CLJ9,,,SP,5.91,0.61,0,5.91,5.91,5.3,N/A,2026-04-22
CLJ7,CLK9,,,SP,6.05,0.62,0,6.05,6.05,5.43,N/A,2026-04-22
CLJ7,CLM9,,,SP,6.22,0.63,0,6.22,6.22,5.59,N/A,2026-04-22
CLJ7,CLN9,,,SP,6.43,0.64,0,6.43,6.43,5.79,N/A,2026-04-22
CLJ7,CLQ9,,,SP,6.61,0.65,0,6.61,6.61,5.96,N/A,2026-04-22
CLJ7,CLU9,,,SP,6.79,0.65,0,6.79,6.79,6.14,N/A,2026-04-22
CLJ7,CLV9,,,SP,6.97,0.66,0,6.97,6.97,6.31,N/A,2026-04-22
CLJ7,CLX9,,,SP,7.15,0.67,0,7.15,7.15,6.48,N/A,2026-04-22
CLJ7,IH1J7,,,BC,75.25,0.84999999999999,0,75.25,75.25,74.4,N/A,2026-04-22
CLJ7,IWUJ7,,,BC,74.53,0.88,0,74.53,74.53,73.65,N/A,2026-04-22
CLJ7,QAJ7,,,IS,-5.77,-0.08,0,-5.77,-5.77,-5.69,N/A,2026-04-22
CLJ7,QAJ7,CLK7,QAK7,IP,-0.23,-0.04,0,-0.23,-0.23,-0.19,N/A,2026-04-22
CLJ7,QAJ7,CLM7,QAM7,IP,-0.38,-0.03,0,-0.38,-0.38,-0.35,N/A,2026-04-22
CLJ7,QAJ7,CLN7,QAN7,IP,-0.49,-0.04,0,-0.49,-0.49,-0.45,N/A,2026-04-22
CLJ7,QAJ7,CLQ7,QAQ7,IP,-0.53,-0.06,0,-0.53,-0.53,-0.47,N/A,2026-04-22
CLJ7,QAJ7,CLU7,QAU7,IP,-0.55,-0.05,0,-0.55,-0.55,-0.5,N/A,2026-04-22
CLJ7,QAJ7,CLV7,QAV7,IP,-0.58,-0.05,0,-0.58,-0.58,-0.53,N/A,2026-04-22
CLJ7,QAJ7,CLX7,QAX7,IP,-0.6,-0.05,0,-0.6,-0.6,-0.55,N/A,2026-04-22
CLJ7,QAJ7,CLZ7,QAZ7,IP,-0.62,-0.06,0,-0.62,-0.62,-0.56,N/A,2026-04-22
CLJ7,QAJ7,CLF8,QAF8,IP,-0.63,-0.07,0,-0.63,-0.63,-0.56,N/A,2026-04-22
CLJ7,QAJ7,CLG8,QAG8,IP,-0.62,-0.06,0,-0.62,-0.62,-0.56,N/A,2026-04-22
CLJ7,QAJ7,CLH8,QAH8,IP,-0.58,-0.06,0,-0.58,-0.58,-0.52,N/A,2026-04-22
CLJ7,QAJ7,CLJ8,QAJ8,IP,-0.53,-0.07,0,-0.53,-0.53,-0.46,N/A,2026-04-22
CLJ7,QAJ7,CLK8,QAK8,IP,-0.51,-0.07,0,-0.51,-0.51,-0.44,N/A,2026-04-22
CLJ7,QAK7,,,IS,-5.09,0.0099999999999998,0,-5.09,-5.09,-5.1,N/A,2026-04-22
CLJ7,QAM7,,,IS,-4.55,0.06,0,-4.55,-4.55,-4.61,N/A,2026-04-22
CLK7,CLM7,,,SP,0.38,-0.01,0.38,0.44,0.36,0.39,309,"08:20 CT"
CLK7,CLM7,CLN7,,BF,0.01,0.02,0,0.01,0.01,-0.01,228,2026-04-22
CLK7,CLN7,,,SP,0.77,0,0.8,0.8,0.71,0.77,46,"08:14 CT"
CLK7,CLQ7,,,SP,1.1,-0.03,1.09,1.1,1.09,1.13,7,"07:45 CT"
CLK7,CLU7,,,SP,1.44,0.18,0,1.44,1.44,1.26,N/A,2026-04-22
CLK7,CLV7,,,SP,1.71,0.21,0,1.71,1.71,1.5,N/A,2026-04-22
CLK7,CLX7,,,SP,1.96,0.25,0,1.96,1.96,1.71,N/A,2026-04-22
CLK7,CLZ7,,,SP,2.21,0.28,0,2.21,2.21,1.93,N/A,2026-04-22
CLK7,CLF8,,,SP,2.5,0.3,0,2.5,2.5,2.2,N/A,2026-04-22
CLK7,CLG8,,,SP,2.79,0.34,0,2.79,2.79,2.45,N/A,2026-04-22
CLK7,CLH8,,,SP,3.05,0.36,0,3.05,3.05,2.69,N/A,2026-04-22
CLK7,CLJ8,,,SP,3.27,0.38,0,3.27,3.27,2.89,N/A,2026-04-22
CLK7,CLK8,,,SP,3.44,0.41,0,3.44,3.44,3.03,N/A,2026-04-22
CLK7,CLM8,,,SP,3.59,0.43,0,3.59,3.59,3.16,N/A,2026-04-22
CLK7,CLN8,,,SP,3.78,0.45,0,3.78,3.78,3.33,N/A,2026-04-22
CLK7,CLQ8,,,SP,3.99,0.46,0,3.99,3.99,3.53,N/A,2026-04-22
CLK7,CLU8,,,SP,4.2,0.47,0,4.2,4.2,3.73,N/A,2026-04-22
CLK7,CLV8,,,SP,4.39,0.49,0,4.39,4.39,3.9,N/A,2026-04-22
CLK7,CLX8,,,SP,4.54,0.52,0,4.54,4.54,4.02,N/A,2026-04-22
CLK7,CLZ8,,,SP,4.69,0.52,0,4.69,4.69,4.17,N/A,2026-04-22
CLK7,CLF9,,,SP,4.89,0.52,0,4.89,4.89,4.37,N/A,2026-04-22
CLK7,CLG9,,,SP,5.1,0.54,0,5.1,5.1,4.56,N/A,2026-04-22
CLK7,CLH9,,,SP,5.29,0.55,0,5.29,5.29,4.74,N/A,2026-04-22
CLK7,CLJ9,,,SP,5.46,0.56,0,5.46,5.46,4.9,N/A,2026-04-22
CLK7,CLK9,,,SP,5.6,0.57,0,5.6,5.6,5.03,N/A,2026-04-22
CLK7,CLM9,,,SP,5.77,0.58,0,5.77,5.77,5.19,N/A,2026-04-22
CLK7,CLN9,,,SP,5.98,0.59,0,5.98,5.98,5.39,N/A,2026-04-22
CLK7,CLQ9,,,SP,6.16,0.6,0,6.16,6.16,5.56,N/A,2026-04-22
CLK7,CLU9,,,SP,6.34,0.6,0,6.34,6.34,5.74,N/A,2026-04-22
CLK7,CLV9,,,SP,6.52,0.61,0,6.52,6.52,5.91,N/A,2026-04-22
CLK7,CLX9,,,SP,6.7,0.62,0,6.7,6.7,6.08,N/A,2026-04-22
CLK7,IH1K7,,,BC,74.8,0.8,0,74.8,74.8,74,N/A,2026-04-22
CLK7,IWUK7,,,BC,74.08,0.83,0,74.08,74.08,73.25,N/A,2026-04-22
CLK7,QAK7,,,IS,-5.54,-0.04,0,-5.54,-5.54,-5.5,N/A,2026-04-22
CLK7,QAK7,CLM7,QAM7,IP,-0.15,0.01,0,-0.15,-0.15,-0.16,N/A,2026-04-22
CLK7,QAK7,CLN7,QAN7,IP,-0.26,0,0,-0.26,-0.26,-0.26,N/A,2026-04-22
CLK7,QAK7,CLQ7,QAQ7,IP,-0.3,-0.02,0,-0.3,-0.3,-0.28,N/A,2026-04-22
CLK7,QAK7,CLU7,QAU7,IP,-0.32,-0.01,0,-0.32,-0.32,-0.31,N/A,2026-04-22
CLK7,QAK7,CLV7,QAV7,IP,-0.35,-0.01,0,-0.35,-0.35,-0.34,N/A,2026-04-22
CLK7,QAK7,CLX7,QAX7,IP,-0.37,-0.01,0,-0.37,-0.37,-0.36,N/A,2026-04-22
CLK7,QAK7,CLZ7,QAZ7,IP,-0.39,-0.02,0,-0.39,-0.39,-0.37,N/A,2026-04-22
CLK7,QAK7,CLF8,QAF8,IP,-0.4,-0.03,0,-0.4,-0.4,-0.37,N/A,2026-04-22
CLK7,QAK7,CLG8,QAG8,IP,-0.39,-0.02,0,-0.39,-0.39,-0.37,N/A,2026-04-22
CLK7,QAK7,CLH8,QAH8,IP,-0.35,-0.02,0,-0.35,-0.35,-0.33,N/A,2026-04-22
CLK7,QAK7,CLJ8,QAJ8,IP,-0.3,-0.03,0,-0.3,-0.3,-0.27,N/A,2026-04-22
CLK7,QAK7,CLK8,QAK8,IP,-0.28,-0.03,0,-0.28,-0.28,-0.25,N/A,2026-04-22
CLK7,QAK7,CLM8,QAM8,IP,-0.3,-0.04,0,-0.3,-0.3,-0.26,N/A,2026-04-22
CLK7,QAM7,,,IS,-5.,0.0099999999999998,0,-5.,-5.,-5.01,N/A,2026-04-22
CLK7,QAN7,,,IS,-4.51,0.06,0,-4.51,-4.51,-4.57,N/A,2026-04-22
CLM7,CLN7,,,SP,0.38,0,0.39,0.43,0.36,0.38,296,"08:16 CT"
CLM7,CLQ7,,,SP,0.72,-0.02,0.8,0.81,0.68,0.74,30,"08:19 CT"
CLM7,CLU7,,,SP,1.02,-0.03,1.11,1.17,0.97,1.05,157,"08:22 CT"
CLM7,CLU7,CLZ7,,BF,0.28,0.02,0.28,0.28,0.27,0.26,126,2026-04-22
CLM7,CLV7,,,SP,1.32,0.15,0,1.32,1.32,1.17,N/A,2026-04-22
CLM7,CLX7,,,SP,1.57,0.19,0,1.57,1.57,1.38,N/A,2026-04-22
CLM7,CLZ7,,,SP,1.81,-0.01,1.82,2.06,1.7,1.82,1805,"08:26 CT"
CLM7,CLZ7,CLM8,,BF,0.43,-0.01,0.46,0.49,0.43,0.44,109,"06:44 CT"
CLM7,CLF8,,,SP,2.11,0.24,0,2.11,2.11,1.87,N/A,2026-04-22
CLM7,CLG8,,,SP,2.4,0.28,0,2.4,2.4,2.12,N/A,2026-04-22
CLM7,CLH8,,,SP,2.66,0.3,0,2.66,2.66,2.36,N/A,2026-04-22
CLM7,CLJ8,,,SP,2.88,0.32,0,2.88,2.88,2.56,N/A,2026-04-22
CLM7,CLK8,,,SP,3.05,0.35,0,3.05,3.05,2.7,N/A,2026-04-22
CLM7,CLM8,,,SP,3.13,-0.07,3.29,3.65,3.04,3.2,251,"08:22 CT"
CLM7,CLN8,,,SP,3.39,0.39,0,3.39,3.39,3,N/A,2026-04-22
CLM7,CLQ8,,,SP,3.6,0.4,0,3.6,3.6,3.2,N/A,2026-04-22
CLM7,CLU8,,,SP,3.81,0.41,0,3.81,3.81,3.4,N/A,2026-04-22
CLM7,CLV8,,,SP,4,0.43,0,4,4,3.57,N/A,2026-04-22
CLM7,CLX8,,,SP,4.15,0.46,0,4.15,4.15,3.69,N/A,2026-04-22
CLM7,CLZ8,,,SP,4.3,0.46,0,4.3,4.3,3.84,N/A,2026-04-22
CLM7,CLF9,,,SP,4.5,0.46,0,4.5,4.5,4.04,N/A,2026-04-22
CLM7,CLG9,,,SP,4.71,0.48,0,4.71,4.71,4.23,N/A,2026-04-22
CLM7,CLH9,,,SP,4.9,0.49,0,4.9,4.9,4.41,N/A,2026-04-22
CLM7,CLJ9,,,SP,5.07,0.5,0,5.07,5.07,4.57,N/A,2026-04-22
CLM7,CLK9,,,SP,5.21,0.51,0,5.21,5.21,4.7,N/A,2026-04-22
CLM7,CLM9,,,SP,5.38,0.52,0,5.38,5.38,4.86,N/A,2026-04-22
CLM7,CLN9,,,SP,5.59,0.53,0,5.59,5.59,5.06,N/A,2026-04-22
CLM7,CLQ9,,,SP,5.77,0.54,0,5.77,5.77,5.23,N/A,2026-04-22
CLM7,CLU9,,,SP,5.95,0.54,0,5.95,5.95,5.41,N/A,2026-04-22
CLM7,CLV9,,,SP,6.13,0.55,0,6.13,6.13,5.58,N/A,2026-04-22
CLM7,CLX9,,,SP,6.31,0.56,0,6.31,6.31,5.75,N/A,2026-04-22
CLM7,CLZ9,,,SP,6.44,0.57,0,6.44,6.44,5.87,N/A,2026-04-22
CLM7,CLM0,,,SP,7.53,0.59,0,7.53,7.53,6.94,N/A,2026-04-22
CLM7,CLZ0,,,SP,8.56,0.63,0,8.56,8.56,7.93,N/A,2026-04-22
CLM7,CLM1,,,SP,9.62,0.65,0,9.62,9.62,8.97,N/A,2026-04-22
CLM7,CLZ1,,,SP,10.65,0.69,0,10.65,10.65,9.96,N/A,2026-04-22
CLM7,CLM2,,,SP,11.69,0.69,0,11.69,11.69,11,N/A,2026-04-22
CLM7,CLZ2,,,SP,12.66,0.69,0,12.66,12.66,11.97,N/A,2026-04-22
CLM7,CLM3,,,SP,13.63,0.69,0,13.63,13.63,12.94,N/A,2026-04-22
CLM7,CLZ3,,,SP,14.63,0.69,0,14.63,14.63,13.94,N/A,2026-04-22
CLM7,CLM4,,,SP,15.6,0.69,0,15.6,15.6,14.91,N/A,2026-04-22
CLM7,CLZ4,,,SP,16.53,0.69,0,16.53,16.53,15.84,N/A,2026-04-22
CLM7,CLM5,,,SP,17.5,0.69,0,17.5,17.5,16.81,N/A,2026-04-22
CLM7,CLZ5,,,SP,18.43,0.69,0,18.43,18.43,17.74,N/A,2026-04-22
CLM7,QAM7,,,IS,-5.39,0,-5.24,-5.23,-5.62,-5.39,910,"08:27 CT"
CLM7,QAM7,CLN7,QAN7,IP,-0.11,-0.01,0,-0.11,-0.11,-0.1,N/A,2026-04-22
CLM7,QAM7,CLQ7,QAQ7,IP,-0.15,-0.03,0,-0.15,-0.15,-0.12,N/A,2026-04-22
CLM7,QAM7,CLU7,QAU7,IP,-0.17,-0.02,0,-0.17,-0.17,-0.15,N/A,2026-04-22
CLM7,QAM7,CLV7,QAV7,IP,-0.2,-0.02,0,-0.2,-0.2,-0.18,N/A,2026-04-22
CLM7,QAM7,CLX7,QAX7,IP,-0.22,-0.02,0,-0.22,-0.22,-0.2,N/A,2026-04-22
CLM7,QAM7,CLZ7,QAZ7,IP,-0.29,-0.05,-0.29,-0.29,-0.29,-0.24,1,"04:23 CT"
CLM7,QAM7,CLF8,QAF8,IP,-0.25,-0.04,0,-0.25,-0.25,-0.21,N/A,2026-04-22
CLM7,QAM7,CLG8,QAG8,IP,-0.24,-0.03,0,-0.24,-0.24,-0.21,N/A,2026-04-22
CLM7,QAM7,CLH8,QAH8,IP,-0.2,-0.03,0,-0.2,-0.2,-0.17,N/A,2026-04-22
CLM7,QAM7,CLJ8,QAJ8,IP,-0.15,-0.04,0,-0.15,-0.15,-0.11,N/A,2026-04-22
CLM7,QAM7,CLK8,QAK8,IP,-0.13,-0.04,0,-0.13,-0.13,-0.09,N/A,2026-04-22
CLM7,QAM7,CLM8,QAM8,IP,-0.15,-0.05,0,-0.15,-0.15,-0.1,N/A,2026-04-22
CLM7,QAM7,CLN8,QAN8,IP,-0.15,-0.05,0,-0.15,-0.15,-0.1,N/A,2026-04-22
CLM7,QAN7,,,IS,-4.9,0,0,-4.9,-4.9,-4.9,N/A,2026-04-22
CLM7,QAQ7,,,IS,-4.5,0.06,0,-4.5,-4.5,-4.56,N/A,2026-04-22
CLM7,QAZ7,,,IS,-3.33,0.2,0,-3.33,-3.33,-3.53,N/A,2026-04-22
CLN7,CLQ7,,,SP,0.35,-0.01,0.36,0.37,0.33,0.36,80,"08:10 CT"
CLN7,CLQ7,CLU7,,SA,71.73,0.61,0,71.73,71.73,71.12,N/A,2026-04-22
CLN7,CLU7,,,SP,0.69,0.02,0.72,0.74,0.69,0.67,7,"04:24 CT"
CLN7,CLV7,,,SP,0.95,0.01,0.98,0.98,0.9,0.94,4,"08:14 CT"
CLN7,CLX7,,,SP,1.19,0.15,0,1.19,1.19,1.04,N/A,2026-04-22
CLN7,CLZ7,,,SP,1.44,0.18,0,1.44,1.44,1.26,N/A,2026-04-22
CLN7,CLF8,,,SP,1.73,0.2,0,1.73,1.73,1.53,N/A,2026-04-22
CLN7,CLG8,,,SP,2.02,0.24,0,2.02,2.02,1.78,N/A,2026-04-22
CLN7,CLH8,,,SP,2.28,0.26,0,2.28,2.28,2.02,N/A,2026-04-22
CLN7,CLJ8,,,SP,2.5,0.28,0,2.5,2.5,2.22,N/A,2026-04-22
CLN7,CLK8,,,SP,2.67,0.31,0,2.67,2.67,2.36,N/A,2026-04-22
CLN7,CLM8,,,SP,2.82,0.33,0,2.82,2.82,2.49,N/A,2026-04-22
CLN7,CLN8,,,SP,3.01,0.35,0,3.01,3.01,2.66,N/A,2026-04-22
CLN7,CLQ8,,,SP,3.22,0.36,0,3.22,3.22,2.86,N/A,2026-04-22
CLN7,CLU8,,,SP,3.43,0.37,0,3.43,3.43,3.06,N/A,2026-04-22
CLN7,CLV8,,,SP,3.62,0.39,0,3.62,3.62,3.23,N/A,2026-04-22
CLN7,CLX8,,,SP,3.77,0.42,0,3.77,3.77,3.35,N/A,2026-04-22
CLN7,CLZ8,,,SP,3.92,0.42,0,3.92,3.92,3.5,N/A,2026-04-22
CLN7,CLF9,,,SP,4.12,0.42,0,4.12,4.12,3.7,N/A,2026-04-22
CLN7,CLG9,,,SP,4.33,0.44,0,4.33,4.33,3.89,N/A,2026-04-22
CLN7,CLH9,,,SP,4.52,0.45,0,4.52,4.52,4.07,N/A,2026-04-22
CLN7,CLJ9,,,SP,4.69,0.46,0,4.69,4.69,4.23,N/A,2026-04-22
CLN7,CLK9,,,SP,4.83,0.47,0,4.83,4.83,4.36,N/A,2026-04-22
CLN7,CLM9,,,SP,5,0.48,0,5,5,4.52,N/A,2026-04-22
CLN7,CLN9,,,SP,5.21,0.49,0,5.21,5.21,4.72,N/A,2026-04-22
CLN7,CLQ9,,,SP,5.39,0.5,0,5.39,5.39,4.89,N/A,2026-04-22
CLN7,CLU9,,,SP,5.57,0.5,0,5.57,5.57,5.07,N/A,2026-04-22
CLN7,CLV9,,,SP,5.75,0.51,0,5.75,5.75,5.24,N/A,2026-04-22
CLN7,CLX9,,,SP,5.93,0.52,0,5.93,5.93,5.41,N/A,2026-04-22
CLN7,QAN7,,,IS,-5.28,-0.04,0,-5.28,-5.28,-5.24,N/A,2026-04-22
CLN7,QAQ7,,,IS,-4.88,0.02,0,-4.88,-4.88,-4.9,N/A,2026-04-22
CLN7,QAU7,,,IS,-4.55,0.05,0,-4.55,-4.55,-4.6,N/A,2026-04-22
CLQ7,CLU7,,,SP,0.31,0,0.33,0.34,0.29,0.31,96,"08:14 CT"
CLQ7,CLU7,CLV7,,BF,0.03,-0.01,0.03,0.03,0.03,0.04,26,"08:21 CT"
CLQ7,CLV7,,,SP,0.62,0.04,0.6,0.65,0.6,0.58,22,"04:29 CT"
CLQ7,CLX7,,,SP,0.83,0.11,0.78,0.83,0.78,0.72,2,2026-04-22
CLQ7,CLZ7,,,SP,1.08,0.14,0,1.08,1.08,0.94,N/A,2026-04-22
CLQ7,CLF8,,,SP,1.37,0.16,0,1.37,1.37,1.21,N/A,2026-04-22
CLQ7,CLG8,,,SP,1.66,0.2,0,1.66,1.66,1.46,N/A,2026-04-22
CLQ7,CLH8,,,SP,1.92,0.22,0,1.92,1.92,1.7,N/A,2026-04-22
CLQ7,CLJ8,,,SP,2.14,0.24,0,2.14,2.14,1.9,N/A,2026-04-22
CLQ7,CLK8,,,SP,2.31,0.27,0,2.31,2.31,2.04,N/A,2026-04-22
CLQ7,CLM8,,,SP,2.46,0.29,0,2.46,2.46,2.17,N/A,2026-04-22
CLQ7,CLN8,,,SP,2.65,0.31,0,2.65,2.65,2.34,N/A,2026-04-22
CLQ7,CLQ8,,,SP,2.86,0.32,0,2.86,2.86,2.54,N/A,2026-04-22
CLQ7,CLU8,,,SP,3.07,0.33,0,3.07,3.07,2.74,N/A,2026-04-22
CLQ7,CLV8,,,SP,3.26,0.35,0,3.26,3.26,2.91,N/A,2026-04-22
CLQ7,CLX8,,,SP,3.41,0.38,0,3.41,3.41,3.03,N/A,2026-04-22
CLQ7,CLZ8,,,SP,3.56,0.38,0,3.56,3.56,3.18,N/A,2026-04-22
CLQ7,CLF9,,,SP,3.76,0.38,0,3.76,3.76,3.38,N/A,2026-04-22
CLQ7,CLG9,,,SP,3.97,0.4,0,3.97,3.97,3.57,N/A,2026-04-22
CLQ7,CLH9,,,SP,4.16,0.41,0,4.16,4.16,3.75,N/A,2026-04-22
CLQ7,CLJ9,,,SP,4.33,0.42,0,4.33,4.33,3.91,N/A,2026-04-22
CLQ7,CLK9,,,SP,4.47,0.43,0,4.47,4.47,4.04,N/A,2026-04-22
CLQ7,CLM9,,,SP,4.64,0.44,0,4.64,4.64,4.2,N/A,2026-04-22
CLQ7,CLN9,,,SP,4.85,0.45,0,4.85,4.85,4.4,N/A,2026-04-22
CLQ7,CLQ9,,,SP,5.03,0.46,0,5.03,5.03,4.57,N/A,2026-04-22
CLQ7,CLU9,,,SP,5.21,0.46,0,5.21,5.21,4.75,N/A,2026-04-22
CLQ7,CLV9,,,SP,5.39,0.47,0,5.39,5.39,4.92,N/A,2026-04-22
CLQ7,CLX9,,,SP,5.57,0.48,0,5.57,5.57,5.09,N/A,2026-04-22
CLQ7,QAQ7,,,IS,-5.24,-0.02,0,-5.24,-5.24,-5.22,N/A,2026-04-22
CLQ7,QAU7,,,IS,-4.91,0.0099999999999998,0,-4.91,-4.91,-4.92,N/A,2026-04-22
CLQ7,QAV7,,,IS,-4.61,0.04,0,-4.61,-4.61,-4.65,N/A,2026-04-22
CLU7,CLV7,,,SP,0.28,0.01,0.3,0.3,0.25,0.27,29,"08:19 CT"
CLU7,CLX7,,,SP,0.52,0,0.52,0.52,0.52,0.52,1,"08:14 CT"
CLU7,CLZ7,,,SP,0.78,0.01,0.85,0.87,0.73,0.77,68,"08:16 CT"
CLU7,CLF8,,,SP,1.06,0.12,0,1.06,1.06,0.94,N/A,2026-04-22
CLU7,CLG8,,,SP,1.35,0.16,0,1.35,1.35,1.19,N/A,2026-04-22
CLU7,CLH8,,,SP,1.61,0.18,0,1.61,1.61,1.43,N/A,2026-04-22
CLU7,CLJ8,,,SP,1.83,0.2,0,1.83,1.83,1.63,N/A,2026-04-22
CLU7,CLK8,,,SP,2,0.23,0,2,2,1.77,N/A,2026-04-22
CLU7,CLM8,,,SP,2.15,0.25,0,2.15,2.15,1.9,N/A,2026-04-22
CLU7,CLN8,,,SP,2.34,0.27,0,2.34,2.34,2.07,N/A,2026-04-22
CLU7,CLQ8,,,SP,2.55,0.28,0,2.55,2.55,2.27,N/A,2026-04-22
CLU7,CLU8,,,SP,2.76,0.29,0,2.76,2.76,2.47,N/A,2026-04-22
CLU7,CLV8,,,SP,2.95,0.31,0,2.95,2.95,2.64,N/A,2026-04-22
CLU7,CLX8,,,SP,3.1,0.34,0,3.1,3.1,2.76,N/A,2026-04-22
CLU7,CLZ8,,,SP,3.25,0.34,0,3.25,3.25,2.91,N/A,2026-04-22
CLU7,CLF9,,,SP,3.45,0.34,0,3.45,3.45,3.11,N/A,2026-04-22
CLU7,CLG9,,,SP,3.66,0.36,0,3.66,3.66,3.3,N/A,2026-04-22
CLU7,CLH9,,,SP,3.85,0.37,0,3.85,3.85,3.48,N/A,2026-04-22
CLU7,CLJ9,,,SP,4.02,0.38,0,4.02,4.02,3.64,N/A,2026-04-22
CLU7,CLK9,,,SP,4.16,0.39,0,4.16,4.16,3.77,N/A,2026-04-22
CLU7,CLM9,,,SP,4.33,0.4,0,4.33,4.33,3.93,N/A,2026-04-22
CLU7,CLN9,,,SP,4.54,0.41,0,4.54,4.54,4.13,N/A,2026-04-22
CLU7,CLQ9,,,SP,4.72,0.42,0,4.72,4.72,4.3,N/A,2026-04-22
CLU7,CLU9,,,SP,4.9,0.42,0,4.9,4.9,4.48,N/A,2026-04-22
CLU7,CLV9,,,SP,5.08,0.43,0,5.08,5.08,4.65,N/A,2026-04-22
CLU7,CLX9,,,SP,5.26,0.44,0,5.26,5.26,4.82,N/A,2026-04-22
CLU7,QAU7,,,IS,-5.22,-0.03,0,-5.22,-5.22,-5.19,N/A,2026-04-22
CLU7,QAV7,,,IS,-4.92,0,0,-4.92,-4.92,-4.92,N/A,2026-04-22
CLU7,QAX7,,,IS,-4.65,0.04,0,-4.65,-4.65,-4.69,N/A,2026-04-22
CLU7,QAZ7,,,IS,-4.38,0.08,0,-4.38,-4.38,-4.46,N/A,2026-04-22
CLV7,CLX7,,,SP,0.24,-0.01,0.28,0.28,0.23,0.25,188,"07:34 CT"
CLV7,CLX7,CLZ7,,SA,70.88,0.5,0,70.88,70.88,70.38,N/A,2026-04-22
CLV7,CLZ7,,,SP,0.49,-0.01,0.52,0.52,0.47,0.5,19,"08:27 CT"
CLV7,CLF8,,,SP,0.79,0.09,0,0.79,0.79,0.7,N/A,2026-04-22
CLV7,CLG8,,,SP,1.08,0.13,0,1.08,1.08,0.95,N/A,2026-04-22
CLV7,CLH8,,,SP,1.34,0.15,0,1.34,1.34,1.19,N/A,2026-04-22
CLV7,CLJ8,,,SP,1.56,0.17,0,1.56,1.56,1.39,N/A,2026-04-22
CLV7,CLK8,,,SP,1.73,0.2,0,1.73,1.73,1.53,N/A,2026-04-22
CLV7,CLM8,,,SP,1.88,0.22,0,1.88,1.88,1.66,N/A,2026-04-22
CLV7,CLN8,,,SP,2.07,0.24,0,2.07,2.07,1.83,N/A,2026-04-22
CLV7,CLQ8,,,SP,2.28,0.25,0,2.28,2.28,2.03,N/A,2026-04-22
CLV7,CLU8,,,SP,2.49,0.26,0,2.49,2.49,2.23,N/A,2026-04-22
CLV7,CLV8,,,SP,2.68,0.28,0,2.68,2.68,2.4,N/A,2026-04-22
CLV7,CLX8,,,SP,2.83,0.31,0,2.83,2.83,2.52,N/A,2026-04-22
CLV7,CLZ8,,,SP,2.98,0.31,0,2.98,2.98,2.67,N/A,2026-04-22
CLV7,CLF9,,,SP,3.18,0.31,0,3.18,3.18,2.87,N/A,2026-04-22
CLV7,CLG9,,,SP,3.39,0.33,0,3.39,3.39,3.06,N/A,2026-04-22
CLV7,CLH9,,,SP,3.58,0.34,0,3.58,3.58,3.24,N/A,2026-04-22
CLV7,CLJ9,,,SP,3.75,0.35,0,3.75,3.75,3.4,N/A,2026-04-22
CLV7,CLK9,,,SP,3.89,0.36,0,3.89,3.89,3.53,N/A,2026-04-22
CLV7,CLM9,,,SP,4.06,0.37,0,4.06,4.06,3.69,N/A,2026-04-22
CLV7,CLN9,,,SP,4.27,0.38,0,4.27,4.27,3.89,N/A,2026-04-22
CLV7,CLQ9,,,SP,4.45,0.39,0,4.45,4.45,4.06,N/A,2026-04-22
CLV7,CLU9,,,SP,4.63,0.39,0,4.63,4.63,4.24,N/A,2026-04-22
CLV7,CLV9,,,SP,4.81,0.4,0,4.81,4.81,4.41,N/A,2026-04-22
CLV7,CLX9,,,SP,4.99,0.41,0,4.99,4.99,4.58,N/A,2026-04-22
CLV7,QAV7,,,IS,-5.19,-0.03,0,-5.19,-5.19,-5.16,N/A,2026-04-22
CLV7,QAX7,,,IS,-4.92,0.0099999999999998,0,-4.92,-4.92,-4.93,N/A,2026-04-22
CLV7,QAZ7,,,IS,-4.65,0.05,0,-4.65,-4.65,-4.7,N/A,2026-04-22
CLX7,CLZ7,,,SP,0.24,-0.01,0.26,0.27,0.24,0.25,171,"08:14 CT"
CLX7,CLZ7,CLF8,,BF,-0.05,0,-0.05,-0.04,-0.05,-0.05,155,2026-04-22
CLX7,CLF8,,,SP,0.54,0,0.54,0.54,0.54,0.54,12,"06:37 CT"
CLX7,CLG8,,,SP,0.83,0.09,0,0.83,0.83,0.74,N/A,2026-04-22
CLX7,CLH8,,,SP,1.09,0.11,0,1.09,1.09,0.98,N/A,2026-04-22
CLX7,CLJ8,,,SP,1.31,0.13,0,1.31,1.31,1.18,N/A,2026-04-22
CLX7,CLK8,,,SP,1.48,0.16,0,1.48,1.48,1.32,N/A,2026-04-22
CLX7,CLM8,,,SP,1.63,0.18,0,1.63,1.63,1.45,N/A,2026-04-22
CLX7,CLN8,,,SP,1.82,0.2,0,1.82,1.82,1.62,N/A,2026-04-22
CLX7,CLQ8,,,SP,2.03,0.21,0,2.03,2.03,1.82,N/A,2026-04-22
CLX7,CLU8,,,SP,2.24,0.22,0,2.24,2.24,2.02,N/A,2026-04-22
CLX7,CLV8,,,SP,2.43,0.24,0,2.43,2.43,2.19,N/A,2026-04-22
CLX7,CLX8,,,SP,2.58,0.27,0,2.58,2.58,2.31,N/A,2026-04-22
CLX7,CLZ8,,,SP,2.73,0.27,0,2.73,2.73,2.46,N/A,2026-04-22
CLX7,CLF9,,,SP,2.93,0.27,0,2.93,2.93,2.66,N/A,2026-04-22
CLX7,CLG9,,,SP,3.14,0.29,0,3.14,3.14,2.85,N/A,2026-04-22
CLX7,CLH9,,,SP,3.33,0.3,0,3.33,3.33,3.03,N/A,2026-04-22
CLX7,CLJ9,,,SP,3.5,0.31,0,3.5,3.5,3.19,N/A,2026-04-22
CLX7,CLK9,,,SP,3.64,0.32,0,3.64,3.64,3.32,N/A,2026-04-22
CLX7,CLM9,,,SP,3.81,0.33,0,3.81,3.81,3.48,N/A,2026-04-22
CLX7,CLN9,,,SP,4.02,0.34,0,4.02,4.02,3.68,N/A,2026-04-22
CLX7,CLQ9,,,SP,4.2,0.35,0,4.2,4.2,3.85,N/A,2026-04-22
CLX7,CLU9,,,SP,4.38,0.35,0,4.38,4.38,4.03,N/A,2026-04-22
CLX7,CLV9,,,SP,4.56,0.36,0,4.56,4.56,4.2,N/A,2026-04-22
CLX7,CLX9,,,SP,4.74,0.37,0,4.74,4.74,4.37,N/A,2026-04-22
CLX7,QAX7,,,IS,-5.17,-0.03,0,-5.17,-5.17,-5.14,N/A,2026-04-22
CLX7,QAZ7,,,IS,-4.9,0.0099999999999998,0,-4.9,-4.9,-4.91,N/A,2026-04-22
CLX7,QAF8,,,IS,-4.6,0.04,0,-4.6,-4.6,-4.64,N/A,2026-04-22
CLZ7,CLF8,,,SP,0.29,0,0.31,0.31,0.29,0.29,66,"08:14 CT"
CLZ7,CLG8,,,SP,0.59,0.01,0.59,0.59,0.59,0.58,20,"08:14 CT"
CLZ7,CLH8,,,SP,0.84,0,0.91,0.94,0.81,0.84,80,"08:25 CT"
CLZ7,CLH8,CLM8,,BF,0.3,0,0.3,0.3,0.3,0.3,57,"08:24 CT"
CLZ7,CLJ8,,,SP,1.06,0.1,0,1.06,1.06,0.96,N/A,2026-04-22
CLZ7,CLK8,,,SP,1.23,0.13,0,1.23,1.23,1.1,N/A,2026-04-22
CLZ7,CLM8,,,SP,1.39,0.01,1.38,1.56,1.31,1.38,1684,"08:16 CT"
CLZ7,CLM8,CLZ8,,BF,0.28,0,0.29,0.36,0.28,0.28,129,"08:08 CT"
CLZ7,CLN8,,,SP,1.57,0.17,0,1.57,1.57,1.4,N/A,2026-04-22
CLZ7,CLQ8,,,SP,1.78,0.18,0,1.78,1.78,1.6,N/A,2026-04-22
CLZ7,CLU8,,,SP,1.99,0.19,0,1.99,1.99,1.8,N/A,2026-04-22
CLZ7,CLV8,,,SP,2.18,0.21,0,2.18,2.18,1.97,N/A,2026-04-22
CLZ7,CLX8,,,SP,2.33,0.24,0,2.33,2.33,2.09,N/A,2026-04-22
CLZ7,CLZ8,,,SP,2.49,0.01,2.45,2.75,2.35,2.48,2318,"08:26 CT"
CLZ7,CLZ8,CLZ9,,BF,0.32,-0.02,0.36,0.42,0.32,0.34,16,"07:02 CT"
CLZ7,CLF9,,,SP,2.68,0.24,0,2.68,2.68,2.44,N/A,2026-04-22
CLZ7,CLG9,,,SP,2.89,0.26,0,2.89,2.89,2.63,N/A,2026-04-22
CLZ7,CLH9,,,SP,3.08,0.27,0,3.08,3.08,2.81,N/A,2026-04-22
CLZ7,CLJ9,,,SP,3.25,0.28,0,3.25,3.25,2.97,N/A,2026-04-22
CLZ7,CLK9,,,SP,3.39,0.29,0,3.39,3.39,3.1,N/A,2026-04-22
CLZ7,CLM9,,,SP,3.56,0.3,0,3.56,3.56,3.26,N/A,2026-04-22
CLZ7,CLN9,,,SP,3.77,0.31,0,3.77,3.77,3.46,N/A,2026-04-22
CLZ7,CLQ9,,,SP,3.95,0.32,0,3.95,3.95,3.63,N/A,2026-04-22
CLZ7,CLU9,,,SP,4.13,0.32,0,4.13,4.13,3.81,N/A,2026-04-22
CLZ7,CLV9,,,SP,4.31,0.33,0,4.31,4.31,3.98,N/A,2026-04-22
CLZ7,CLX9,,,SP,4.49,0.34,0,4.49,4.49,4.15,N/A,2026-04-22
CLZ7,CLZ9,,,SP,4.47,-0.15,4.75,4.75,4.47,4.62,2,"19:29 CT"
CLZ7,CLM0,,,SP,5.71,0.37,0,5.71,5.71,5.34,N/A,2026-04-22
CLZ7,CLZ0,,,SP,6.74,0.41,0,6.74,6.74,6.33,N/A,2026-04-22
CLZ7,CLM1,,,SP,7.8,0.43,0,7.8,7.8,7.37,N/A,2026-04-22
CLZ7,CLZ1,,,SP,8.83,0.47,0,8.83,8.83,8.36,N/A,2026-04-22
CLZ7,CLM2,,,SP,9.87,0.47,0,9.87,9.87,9.4,N/A,2026-04-22
CLZ7,CLZ2,,,SP,10.84,0.47,0,10.84,10.84,10.37,N/A,2026-04-22
CLZ7,CLM3,,,SP,11.81,0.47,0,11.81,11.81,11.34,N/A,2026-04-22
CLZ7,CLZ3,,,SP,12.81,0.47,0,12.81,12.81,12.34,N/A,2026-04-22
CLZ7,CLM4,,,SP,13.78,0.47,0,13.78,13.78,13.31,N/A,2026-04-22
CLZ7,CLZ4,,,SP,14.71,0.47,0,14.71,14.71,14.24,N/A,2026-04-22
CLZ7,CLM5,,,SP,15.68,0.47,0,15.68,15.68,15.21,N/A,2026-04-22
CLZ7,CLZ5,,,SP,16.61,0.47,0,16.61,16.61,16.14,N/A,2026-04-22
CLZ7,QAZ7,,,IS,-5.11,0.04,-5.03,-5.01,-5.34,-5.15,693,"08:27 CT"
CLZ7,QAZ7,CLM8,QAM8,IP,0.07,-0.02,0.11,0.12,0.07,0.09,20,"23:17 CT"
CLZ7,QAZ7,CLZ8,QAZ8,IP,0.06,-0.06,0.13,0.15,0.06,0.12,109,"07:46 CT"
CLZ7,QAF8,,,IS,-4.85,0.010000000000001,0,-4.85,-4.85,-4.86,N/A,2026-04-22
CLZ7,QAG8,,,IS,-4.57,0.04,0,-4.57,-4.57,-4.61,N/A,2026-04-22
CLZ7,QAM8,,,IS,-3.86,0.15,0,-3.86,-3.86,-4.01,N/A,2026-04-22
CLZ7,QAZ8,,,IS,-2.79,0.27,0,-2.79,-2.79,-3.06,N/A,2026-04-22
CLF8,CLG8,,,SP,0.29,0,0.3,0.3,0.28,0.29,238,"08:25 CT"
CLF8,CLG8,CLH8,,SA,70.06,0.42,0,70.06,70.06,69.64,N/A,2026-04-22
CLF8,CLH8,,,SP,0.55,0.06,0,0.55,0.55,0.49,N/A,2026-04-22
CLF8,CLJ8,,,SP,0.77,0.08,0,0.77,0.77,0.69,N/A,2026-04-22
CLF8,CLK8,,,SP,0.94,0.11,0,0.94,0.94,0.83,N/A,2026-04-22
CLF8,CLM8,,,SP,1.09,0.13,0,1.09,1.09,0.96,N/A,2026-04-22
CLF8,CLN8,,,SP,1.28,0.15,0,1.28,1.28,1.13,N/A,2026-04-22
CLF8,CLQ8,,,SP,1.49,0.16,0,1.49,1.49,1.33,N/A,2026-04-22
CLF8,CLU8,,,SP,1.7,0.17,0,1.7,1.7,1.53,N/A,2026-04-22
CLF8,CLV8,,,SP,1.89,0.19,0,1.89,1.89,1.7,N/A,2026-04-22
CLF8,CLX8,,,SP,2.04,0.22,0,2.04,2.04,1.82,N/A,2026-04-22
CLF8,CLZ8,,,SP,2.19,0.22,0,2.19,2.19,1.97,N/A,2026-04-22
CLF8,CLF9,,,SP,2.39,0.22,0,2.39,2.39,2.17,N/A,2026-04-22
CLF8,CLG9,,,SP,2.6,0.24,0,2.6,2.6,2.36,N/A,2026-04-22
CLF8,CLH9,,,SP,2.79,0.25,0,2.79,2.79,2.54,N/A,2026-04-22
CLF8,CLJ9,,,SP,2.96,0.26,0,2.96,2.96,2.7,N/A,2026-04-22
CLF8,CLK9,,,SP,3.1,0.27,0,3.1,3.1,2.83,N/A,2026-04-22
CLF8,CLM9,,,SP,3.27,0.28,0,3.27,3.27,2.99,N/A,2026-04-22
CLF8,CLN9,,,SP,3.48,0.29,0,3.48,3.48,3.19,N/A,2026-04-22
CLF8,CLQ9,,,SP,3.66,0.3,0,3.66,3.66,3.36,N/A,2026-04-22
CLF8,CLU9,,,SP,3.84,0.3,0,3.84,3.84,3.54,N/A,2026-04-22
CLF8,CLV9,,,SP,4.02,0.31,0,4.02,4.02,3.71,N/A,2026-04-22
CLF8,CLX9,,,SP,4.2,0.32,0,4.2,4.2,3.88,N/A,2026-04-22
"Downloaded from Barchart.com as of 04-23-2026 08:37am CDT"
